-- phpMyAdmin SQL Dump
-- version 4.9.0.1
-- https://www.phpmyadmin.net/
--
-- Servidor: 127.0.0.1
-- Tiempo de generación: 09-12-2019 a las 16:43:33
-- Versión del servidor: 10.4.6-MariaDB
-- Versión de PHP: 7.3.9

SET SQL_MODE = "NO_AUTO_VALUE_ON_ZERO";
SET AUTOCOMMIT = 0;
START TRANSACTION;
SET time_zone = "+00:00";


/*!40101 SET @OLD_CHARACTER_SET_CLIENT=@@CHARACTER_SET_CLIENT */;
/*!40101 SET @OLD_CHARACTER_SET_RESULTS=@@CHARACTER_SET_RESULTS */;
/*!40101 SET @OLD_COLLATION_CONNECTION=@@COLLATION_CONNECTION */;
/*!40101 SET NAMES utf8mb4 */;

--
-- Base de datos: `cotizador`
--

-- --------------------------------------------------------

--
-- Estructura de tabla para la tabla `admins`
--

CREATE TABLE `admins` (
  `id_admin` int(11) NOT NULL,
  `email` varchar(256) COLLATE utf8_spanish_ci NOT NULL,
  `password` varchar(256) COLLATE utf8_spanish_ci NOT NULL,
  `token_pass` varchar(256) COLLATE utf8_spanish_ci NOT NULL
) ENGINE=InnoDB DEFAULT CHARSET=utf8 COLLATE=utf8_spanish_ci;

--
-- Volcado de datos para la tabla `admins`
--

INSERT INTO `admins` (`id_admin`, `email`, `password`, `token_pass`) VALUES
(1, 'holguinalexis30@gmail.com', '1c7eaba2cfb24a54ff250a5e9f2920bf8668fa3a9d651d433722da642f0b0b87', '56a6ffef745c4c2790ff5be3e1095a39c96e0f59f7e61fbb23f7c1e22ab7006511aaaec1f1b9438ec751545daf500ab1ca8814171297ebf486902961345fa41f78116588b1be782002dac6b3d5e3e65282438d4cac0459764ae379405cfd2b95582330ed47bd79f826eaf6adca1d4e92821b0f7b81df56e5ae9d2c75b616f817');

-- --------------------------------------------------------

--
-- Estructura de tabla para la tabla `empresas`
--

CREATE TABLE `empresas` (
  `id_empresa` int(11) NOT NULL,
  `nombre_comercial` varchar(255) CHARACTER SET latin1 NOT NULL,
  `razon_social` varchar(255) CHARACTER SET latin1 NOT NULL,
  `departamento` varchar(45) CHARACTER SET latin1 NOT NULL,
  `ciudad` varchar(45) CHARACTER SET latin1 NOT NULL,
  `pais` varchar(45) CHARACTER SET latin1 NOT NULL,
  `direccion` varchar(45) CHARACTER SET latin1 NOT NULL,
  `telefono` varchar(45) CHARACTER SET latin1 NOT NULL,
  `nit` varchar(45) CHARACTER SET latin1 NOT NULL,
  `comision_ventas` varchar(45) CHARACTER SET latin1 NOT NULL,
  `margen_rentabilidad` varchar(45) CHARACTER SET latin1 NOT NULL,
  `horas_trabajo` varchar(45) CHARACTER SET latin1 NOT NULL,
  `dia_mes` varchar(45) CHARACTER SET latin1 NOT NULL,
  `logo` text CHARACTER SET latin1 DEFAULT NULL,
  `gastos_totales_mes` double NOT NULL,
  `inicio_licencia` date NOT NULL,
  `expiracion_licencia` date NOT NULL,
  `licencia_activa` tinyint(1) NOT NULL,
  `productos_licenciados` bigint(20) NOT NULL,
  `gastos_especificos` longtext COLLATE utf8_spanish_ci NOT NULL,
  `created_at` timestamp NOT NULL DEFAULT current_timestamp(),
  `creador` longtext COLLATE utf8_spanish_ci NOT NULL,
  `bpm` longtext COLLATE utf8_spanish_ci NOT NULL
) ENGINE=InnoDB DEFAULT CHARSET=utf8 COLLATE=utf8_spanish_ci;

--
-- Volcado de datos para la tabla `empresas`
--

INSERT INTO `empresas` (`id_empresa`, `nombre_comercial`, `razon_social`, `departamento`, `ciudad`, `pais`, `direccion`, `telefono`, `nit`, `comision_ventas`, `margen_rentabilidad`, `horas_trabajo`, `dia_mes`, `logo`, `gastos_totales_mes`, `inicio_licencia`, `expiracion_licencia`, `licencia_activa`, `productos_licenciados`, `gastos_especificos`, `created_at`, `creador`, `bpm`) VALUES
(1, 'Teenus', 'Teenus S.A.S', 'Cundinamarca', 'Bogota D.C', 'Colombia', 'Cra 54 # 106-18 Oficina 706, Pasadena', '4754968', '900.725.888', '5', '35', '8', '22', 'http://EQUOTE.teenus.com.co/upload/img/Coca-Cola3.jpg', 246886980, '2019-10-11', '2019-11-01', 1, 20000, '{\"51\":{\"value\":13423223,\"accounts\":[{\"account\":\"51\",\"description\":\"jja \",\"amount\":13423223}]},\"52\":{\"value\":233343434,\"accounts\":[{\"account\":\"52\",\"description\":\"as\",\"amount\":233343434}]},\"53\":{\"value\":0,\"accounts\":[]},\"73\":{\"value\":120323,\"accounts\":[{\"account\":\"73\",\"description\":\"haj\",\"amount\":120323}]},\"74\":{\"value\":0,\"accounts\":[]},\"total\":246886980}', '2019-10-08 19:08:13', '', ''),
(2, 'Manufactura S.A.S', 'Manufactura S.A.S', 'Cundinamarca', 'Bogota', 'Colombia', 'Carrera 77b bis #75a-47', '6547344', '900.879.677-1-1', '3', '40', '8', '22', 'http://localhost/upload/img/plantilla-logo-degradado-forma-abstracta_23-2148204210.jpg', 1425755757, '2019-10-01', '2019-12-31', 1, 100000, '{\"51\":{\"value\":1425334545,\"accounts\":[{\"account\":\"51\",\"description\":\"as\",\"amount\":1425334545}]},\"52\":{\"value\":421212,\"accounts\":[{\"account\":\"52\",\"description\":\"ett\",\"amount\":421212}]},\"53\":{\"value\":0,\"accounts\":[]},\"73\":{\"value\":0,\"accounts\":[]},\"74\":{\"value\":0,\"accounts\":[]},\"total\":1425755757}', '2019-10-08 19:08:13', '', 'http://localhost/upload/img/capas.png'),
(3, 'TEST', 'TEST', 'Cundinamarca', 'Bogota', 'Colombia', 'cra 7 #88-98', '4678909', '100331311', '3', '35', '8', '22', 'https://d500.epimg.net/cincodias/imagenes/2015/05/08/pyme/1431098283_691735_1431098420_noticia_normal.jpg', 72434000, '0000-00-00', '2019-10-31', 1, 100000, '', '2019-10-08 19:08:13', '', ''),
(4, 'Empresa test', 'Empresa test', '', '', '', '', '', '', '3', '35', '8', '22', 'https://image.freepik.com/vector-gratis/plantilla-logo-degradado-forma-abstracta_23-2148204210.jpg', 0, '2019-10-01', '2019-10-03', 0, 3, '', '2019-10-08 19:08:13', '', '');

--
-- Disparadores `empresas`
--
DELIMITER $$
CREATE TRIGGER `verify_license` BEFORE UPDATE ON `empresas` FOR EACH ROW BEGIN
IF DATEDIFF(NOW(), NEW.expiracion_licencia) >= 0 THEN
	SET NEW.licencia_activa = 0;
ELSE 
	SET NEW.licencia_activa = 1;
   END IF;
END
$$
DELIMITER ;

-- --------------------------------------------------------

--
-- Estructura de tabla para la tabla `gastos_mensuales`
--

CREATE TABLE `gastos_mensuales` (
  `id_gastos_mensuales` int(11) NOT NULL,
  `productos_id_producto` int(11) NOT NULL,
  `productos_empresas_id_empresa` int(11) NOT NULL,
  `unidades_vendidas` varchar(45) CHARACTER SET latin1 DEFAULT NULL,
  `volumen_ventas` varchar(45) CHARACTER SET latin1 DEFAULT NULL
) ENGINE=InnoDB DEFAULT CHARSET=utf8 COLLATE=utf8_spanish_ci;

--
-- Volcado de datos para la tabla `gastos_mensuales`
--

INSERT INTO `gastos_mensuales` (`id_gastos_mensuales`, `productos_id_producto`, `productos_empresas_id_empresa`, `unidades_vendidas`, `volumen_ventas`) VALUES
(1, 1, 2, '50', '3000000'),
(2, 3, 2, '50', '120000'),
(3, 6, 2, '50', '121212'),
(4, 7, 1, '3.2139084577976', '20890.404975685'),
(5, 8, 1, '50.356690149357', '482436.85452819'),
(6, 9, 1, '3.8566901493572', '23140.140896143'),
(7, 10, 1, '4312.7450177606', '29978235.288567'),
(8, 11, 1, '105.73758826154', '640621.94507589'),
(9, 12, 1, '106.95887347551', '682692.00678846'),
(10, 13, 1, '7.7133802987143', '69420.422688429'),
(11, 14, 1, '25.721285213963', '300106.42606982'),
(12, 15, 1, '17.943796975454', '139955.89222137'),
(13, 16, 1, '12.534242985411', '112808.1868687'),
(14, 17, 1, '102.10587170423', '656045.49176486'),
(15, 18, 1, '1205.4932808203', '7793245.6080927'),
(16, 19, 1, '504.76360674786', '3326523.8101589'),
(17, 20, 1, '184.41406730843', '1242554.8601368'),
(18, 21, 1, '52.836655046193', '341831.30357136'),
(19, 22, 1, '270.19693423554', '3029499.4795083'),
(20, 23, 1, '261.41405857293', '3951402.4191116'),
(21, 24, 1, '94.120651423063', '1875792.3770382'),
(22, 25, 1, '28.185977174885', '408696.66903584'),
(23, 26, 1, '6.4278169155953', '35352.993035774'),
(24, 27, 1, '90.246549494957', '500405.54687909'),
(25, 28, 1, '182.56864107196', '1402105.8102249'),
(26, 29, 1, '19.283450746786', '221759.68358804'),
(27, 30, 1, '14.614223606148', '163783.96143487'),
(28, 31, 1, '66.65131916119', '763091.14076872'),
(29, 32, 1, '6.4278169155953', '48208.626866964'),
(30, 33, 1, '6.1707042389715', '46280.281792286'),
(31, 34, 1, '56.886179703018', '435805.98687736'),
(32, 35, 1, '0.12855633831191', '1671.2323980548'),
(33, 36, 1, '9.9641725373393', '10767.649651789'),
(34, 37, 1, '0.71188967164524', '1033.280517425'),
(35, 38, 1, '478.38088713636', '1483078.6250331'),
(36, 39, 1, '9.2377934329048', '35665.6103485'),
(37, 40, 1, '1331.0472417911', '9423002.9930358'),
(38, 41, 1, '25.374688995368', '135486.8986086'),
(39, 42, 1, '109.97355060866', '437044.71881207'),
(40, 43, 1, '1024.3162620133', '3951593.2746169'),
(41, 45, 1, '9.8805751244643', '39522.300497857'),
(42, 46, 1, '355.62097441078', '2088602.4062811'),
(43, 47, 1, '142.89037003368', '813440.23066858'),
(44, 48, 1, '35.690721871135', '268566.23625487'),
(45, 50, 1, '19.797676100033', '122835.58125703'),
(46, 51, 1, '74.120105792979', '883097.74840147'),
(47, 52, 1, '53.024923822273', '311143.22249564'),
(48, 53, 1, '38.566901493572', '154267.60597429'),
(49, 54, 1, '60.29880879738', '225447.08374631'),
(50, 55, 1, '808.73296362198', '16333884.18448'),
(51, 56, 1, '188.70087471008', '1258974.1069888'),
(52, 57, 1, '25.666666666667', '161443.33333333'),
(53, 58, 1, '41.066901493572', '259328.16955886'),
(54, 59, 1, '820.42004728771', '4932770.3076924'),
(55, 60, 1, '739.95062362089', '6021197.3937349'),
(56, 61, 1, '169.09501174135', '1442128.4624881'),
(57, 62, 1, '8.5071126766238', '201445.8626867'),
(58, 64, 1, '99.438327684259', '745787.45763194'),
(59, 67, 1, '858.03477114449', '10449810.827664'),
(60, 68, 1, '20.757112676624', '292556.69014936'),
(61, 71, 1, '84.314278169156', '716382.11267662'),
(62, 73, 1, '102.37855633831', '916728.28403983'),
(63, 78, 1, '175.47940179575', '1316095.5134681'),
(64, 79, 1, '321.39084577976', '2410431.3433482'),
(65, 80, 1, '9.0904460099571', '246085.85681602'),
(66, 81, 1, '3.6285563383119', '52239.883805002'),
(67, 82, 1, '22.463908457798', '664153.46268958'),
(68, 83, 1, '101.3118076031', '1398041.2535066'),
(69, 84, 1, '9926.571323636', '61145200.837778'),
(70, 85, 1, '918.89608145277', '5048729.7961488'),
(71, 86, 1, '14.462588060089', '17355.105672107'),
(72, 87, 1, '176.50785250225', '209148.30679964'),
(73, 88, 1, '64.959517749006', '272829.97454582'),
(74, 89, 1, '437.09155026048', '150668.02850155'),
(75, 90, 1, '77.133802987143', '26996.8310455'),
(76, 91, 1, '61.064260698155', '20697.570468217'),
(77, 92, 1, '520.65317016322', '182389.30498002'),
(78, 93, 1, '388.24014170195', '135884.04959568'),
(79, 94, 1, '665.27905076411', '232847.66776744'),
(80, 95, 1, '562.43398011459', '196851.8930401'),
(81, 96, 1, '2.5711267662381', '899.89436818334'),
(82, 97, 1, '38.566901493572', '13498.41552275'),
(83, 98, 1, '154.26760597429', '53993.662091'),
(84, 99, 1, '173.55105672107', '58721.321432421'),
(85, 100, 1, '0.064278169155953', '64.278169155953'),
(86, 101, 1, '3.2139084577976', '1285.5633831191'),
(87, 102, 1, '23.397253572767', '23011.584557831'),
(88, 103, 1, '111.2468310455', '53993.662091'),
(89, 104, 1, '1.0927288756512', '2159.74648364'),
(90, 105, 1, '0.51422535324762', '803.47711444941'),
(91, 106, 1, '64.690270091231', '71746.871631708'),
(92, 107, 1, '40.81663741403', '40050.441637691'),
(93, 108, 1, '20.569014129905', '13453.420804341'),
(94, 109, 1, '855.14084678703', '1201712.942315'),
(95, 110, 1, '296.9651415005', '2597554.0927049'),
(96, 111, 1, '457.66056439038', '3546817.9514901'),
(97, 112, 1, '158.55897910732', '1159778.7033951'),
(98, 113, 1, '3301.0865672396', '52590909.896958'),
(99, 114, 1, '2.4425704279262', '29310.845135114'),
(100, 115, 1, '8.0411989614097', '946.17464997562'),
(101, 116, 1, '134.48471385316', '1675805.725512'),
(102, 117, 1, '6.4278169155953', '803.47711444941'),
(103, 118, 1, '12129.290519728', '1339460.6279563'),
(104, 119, 1, '11274.390869954', '1352444.8181258'),
(105, 120, 1, '32.00824537397', '392074.00319437'),
(106, 121, 1, '0.32139084577976', '22497.359204583'),
(107, 122, 1, '19.416836896027', '1454265.0500678'),
(108, 123, 1, '129.43972446115', '2590710.2814817'),
(109, 124, 1, '43.924912040637', '1050127.724677'),
(110, 125, 1, '1865.7600979598', '1408859.4882706'),
(111, 126, 1, '1.6069542288988', '7231.2940300447'),
(112, 127, 1, '29.843691343637', '87946.948458953'),
(113, 128, 1, '0.70705986071548', '2378.2922587702'),
(114, 129, 1, '1.414119721431', '11248.679602292'),
(115, 130, 1, '15.427816915595', '42052.262348558'),
(116, 131, 1, '1.1570070448071', '5785.0352240357'),
(117, 132, 1, '2.814278169156', '50592.728875651'),
(118, 133, 1, '706.35280085476', '1388009.9291198'),
(119, 134, 1, '3.3424647961095', '8356.1619902738'),
(120, 135, 1, '750.32139084578', '2456023.6208956'),
(121, 136, 1, '187.99788736367', '633418.3100521'),
(122, 137, 1, '1.314278169156', '4714.1725373393'),
(123, 138, 1, '62.799771265366', '125695.95978447'),
(124, 139, 1, '243.05877393596', '771324.55531963'),
(125, 140, 1, '0.19283450746786', '964.17253733929'),
(126, 141, 1, '0.19283450746786', '964.17253733929'),
(127, 142, 1, '1.5426760597429', '19861.954269189'),
(128, 143, 1, '85.518791084636', '255592.20071657'),
(129, 144, 1, '0.064278169155953', '642.78169155953'),
(130, 145, 1, '53.350880399441', '133377.2009986'),
(131, 146, 1, '9.6417253733929', '24104.313433482'),
(132, 147, 1, '8561.2834507468', '26758011.878571'),
(133, 148, 1, '50.192834507468', '153533.73709056'),
(134, 149, 1, '59.104671363205', '191356.69014936'),
(135, 150, 1, '0.064278169155953', '192.83450746786'),
(136, 151, 1, '1689.3356945927', '6591333.5137934'),
(137, 152, 1, '0.064278169155953', '546.3644378256'),
(138, 153, 1, '151.99745305476', '647740.76879622'),
(139, 154, 1, '10.734454249044', '263781.53667374'),
(140, 155, 1, '2.9567957811738', '80315.572360363'),
(141, 156, 1, '5.7850352240357', '169372.97572594'),
(142, 157, 1, '0.57850352240357', '15940.985950676'),
(143, 158, 1, '160.04579260124', '4687111.6123029'),
(144, 159, 1, '28659.738776254', '3661466.3699687'),
(145, 160, 1, '40078.109855534', '6403651.6963062'),
(146, 161, 1, '128.55633831191', '20954.683144841'),
(147, 162, 1, '7.7133802987143', '18126.443701979'),
(148, 163, 1, '39479.795972225', '100246826.39039'),
(149, 164, 1, '1229.1914287693', '3197022.5827604'),
(150, 165, 1, '2884.550332951', '7565521.290483'),
(151, 166, 1, '2503.6533094796', '7217661.3462261'),
(152, 167, 1, '14.651649074794', '1066110.6818038'),
(153, 168, 1, '43.477869731504', '2302064.7364442'),
(154, 169, 1, '0.25711267662381', '9770.2817117048'),
(155, 170, 1, '0.70705986071548', '55922.007165679'),
(156, 171, 1, '31.271244179691', '1213912.4783505'),
(157, 172, 1, '40.522470727218', '1741375.5311809'),
(158, 173, 1, '0.19283450746786', '7070.5986071548'),
(159, 174, 1, '72.984002469141', '3273389.5948145'),
(160, 175, 1, '0.77133802987143', '16390.933134768'),
(161, 176, 1, '28.410950766931', '2060693.8249707'),
(162, 177, 1, '0.44994718409167', '31496.302886417'),
(163, 178, 1, '1.0475058706726', '80388.896877615'),
(164, 179, 1, '13.562693691906', '468587.85314689'),
(165, 180, 1, '160.91217731446', '7364851.863884'),
(166, 181, 1, '138.48872095889', '7020069.7077597'),
(167, 182, 1, '12.332541094708', '640511.32697347'),
(168, 183, 1, '0.064278169155953', '3856.6901493572'),
(169, 184, 1, '12.564278169156', '703213.9084578'),
(170, 185, 1, '0.064278169155953', '2956.7957811738'),
(171, 186, 1, '0.12855633831191', '5560.0616319899'),
(172, 187, 1, '0.12855633831191', '5399.3662091'),
(173, 188, 1, '5.94968310455', '217089.78895796'),
(174, 189, 1, '3.1163497712167', '103123.08704712'),
(175, 190, 1, '12.060674905754', '492407.14882734'),
(176, 191, 1, '8.3063732539072', '354364.0734007'),
(177, 192, 1, '6.4278169155953', '320233.83873496'),
(178, 193, 1, '4.6280281792286', '315348.6978791'),
(179, 194, 1, '52.277206687967', '1763529.0003656'),
(180, 195, 1, '22.561637373739', '670549.8606349'),
(181, 196, 1, '28.213814607617', '919601.29275669'),
(182, 197, 1, '1.9926232438345', '95260.246689122'),
(183, 198, 1, '1933.2019146079', '4698377.9395086'),
(184, 199, 1, '35156.556969455', '1217880.8144994'),
(185, 200, 1, '13412.755880745', '337533.06955597'),
(186, 201, 1, '6299.4534117908', '279941.06839955'),
(187, 202, 1, '37202.805761942', '928070.52807709'),
(188, 203, 1, '3450.6795866271', '11780809.706203'),
(189, 204, 1, '56.436232518926', '20881.406032003'),
(190, 205, 1, '4.1780809951369', '1594.0985950676'),
(191, 206, 1, '2.69968310455', '1079.87324182'),
(192, 207, 1, '4.1105889175232', '20552.944587616'),
(193, 208, 1, '0.25711267662381', '89.989436818334'),
(194, 209, 1, '0.19283450746786', '1157.0070448071'),
(195, 210, 1, '106.05897910732', '58332.438509027'),
(196, 211, 1, '16.069542288988', '9641.7253733929'),
(197, 212, 1, '4.6890924399267', '21388.560786643'),
(198, 213, 1, '456.37500100726', '150603.7503324'),
(199, 214, 1, '38.052676140324', '129661.92282139'),
(200, 215, 1, '127.78500028203', '51036.866309826'),
(201, 216, 1, '13.434137353594', '21211.795821464'),
(202, 217, 1, '0.32139084577976', '642.78169155953'),
(203, 218, 1, '1143.0398910157', '2154750.0869034'),
(204, 219, 1, '93.213644378256', '124429.18314081'),
(205, 220, 1, '1.0142253532476', '2175.6056358457'),
(206, 221, 1, '63.452816915595', '1618071.0099571'),
(207, 222, 1, '27.768169075372', '44429.070520594'),
(208, 223, 1, '82.276056519619', '153753.38062104'),
(209, 224, 1, '2.5711267662381', '5399.3662091'),
(210, 225, 1, '1142.4566690035', '2362939.2395731'),
(211, 226, 1, '2853.0741080204', '8306413.0376448'),
(212, 227, 1, '3810.7451701891', '11910075.850945'),
(213, 228, 1, '50.072693772487', '157728.98538333'),
(214, 229, 1, '5.7850352240357', '19379.86800052'),
(215, 230, 1, '859.46447357341', '2248836.7140412'),
(216, 231, 1, '103.75709520562', '396112.71002017'),
(217, 232, 1, '44.994718409167', '184478.34547758'),
(218, 233, 1, '229.15916666667', '1833273.3333333'),
(219, 234, 1, '189.00100390516', '338105.81055573'),
(220, 235, 1, '215.974648364', '369085.24729348'),
(221, 236, 1, '77.133802987143', '158085.72922215'),
(222, 237, 1, '92.643455454924', '976926.44446767'),
(223, 238, 1, '862.3701755686', '4292326.4528119'),
(224, 239, 1, '1035.3114691589', '21422628.727436'),
(225, 240, 1, '59.094824040983', '265894.56909985'),
(226, 241, 1, '30.403574010766', '136719.66579471'),
(227, 242, 1, '1816.3283527786', '8076060.3865855'),
(228, 243, 1, '16.960041114854', '1412998.7763534'),
(229, 244, 1, '371.50608988957', '2003685.2672382'),
(230, 245, 1, '224.97359204583', '1157007.0448071'),
(231, 246, 1, '9.6417253733929', '54957.834628339'),
(232, 247, 1, '57.139084577976', '177845.07064952'),
(233, 248, 1, '652.84765284935', '4023237.5081895'),
(234, 249, 1, '739.7131706467', '4384382.0361556'),
(235, 250, 1, '20098.792809124', '115797301.434'),
(236, 251, 1, '738.76828156011', '4538905.4949544'),
(237, 252, 1, '655.31172674327', '1335595.5222036'),
(238, 253, 1, '29.522300497857', '23284.507064952'),
(239, 254, 1, '84.755868658095', '65638.02825981'),
(240, 255, 1, '1988.599061196', '3735358.8868844'),
(241, 256, 1, '835.61619902738', '167457.48628509'),
(242, 257, 1, '385.66901493572', '21211.795821464'),
(243, 258, 1, '321.39084577976', '56886.179703018'),
(244, 259, 1, '51046.173143249', '10729829.647111'),
(245, 260, 1, '17849.292795196', '3603501.8231043'),
(246, 261, 1, '242.49207761375', '64797.940179575'),
(247, 262, 1, '1105.6373253907', '112813.73253907'),
(248, 263, 1, '2749.7202459152', '1020985.2678447'),
(249, 264, 1, '449.94718409167', '237475.69594667'),
(250, 265, 1, '514.22535324762', '268200.66080321'),
(251, 266, 1, '4811.5850985642', '2542658.9005256'),
(252, 267, 1, '1379.6977711589', '473495.19415525'),
(253, 268, 1, '1034.421950272', '389530.02420792'),
(254, 269, 1, '1479.9485092548', '910406.67738273'),
(255, 270, 1, '105.94483582262', '54127.142090423'),
(256, 271, 1, '957.05986071548', '550689.3817621'),
(257, 272, 1, '223.05575124464', '169162.62328413'),
(258, 273, 1, '2482.4228928029', '282195.30379185'),
(259, 274, 1, '179.94342157473', '89908.141659448'),
(260, 275, 1, '1449.5279485281', '848351.0713314'),
(261, 276, 1, '3111.8896716452', '1795745.3816542'),
(262, 277, 1, '229.47306388675', '134212.81719763'),
(263, 278, 1, '205.69014129905', '81273.317080786'),
(264, 279, 1, '1146.2731231978', '894864.37412418'),
(265, 280, 1, '5253.5419507874', '3400528.2452789'),
(266, 281, 1, '5174.9974830645', '5608372.5902593'),
(267, 282, 1, '2083.280517425', '2353245.6769092'),
(268, 283, 1, '344.51173731619', '389247.41811276'),
(269, 284, 1, '810.27376917328', '1023553.479129'),
(270, 285, 1, '6708.8008803994', '10060772.100987'),
(271, 286, 1, '2490.032629457', '3437928.8854787'),
(272, 287, 1, '9161.8521174712', '7948552.1399466'),
(273, 288, 1, '42.377934329048', '32569.014129905'),
(274, 289, 1, '125.71126766238', '99019.014129905'),
(275, 290, 1, '12.855633831191', '10284.507064952'),
(276, 291, 1, '46.188967164524', '34284.507064952'),
(277, 292, 1, '29.522300497857', '22284.507064952'),
(278, 293, 1, '25.711267662381', '20569.014129905'),
(279, 294, 1, '167.84771144494', '183823.29831075'),
(280, 295, 1, '92.560563584572', '50352.946590007'),
(281, 296, 1, '22.497359204583', '35995.774727333'),
(282, 297, 1, '3872.6376174655', '1229759.1959023'),
(283, 298, 1, '9420.780517425', '5937048.7472008'),
(284, 299, 1, '2402.1338029871', '1851067.000137'),
(285, 300, 1, '15395.223004979', '1264188.9671645'),
(286, 301, 1, '396.9002348269', '249417.38971596'),
(287, 302, 1, '523.41110309981', '392590.4931365'),
(288, 303, 1, '1979.7241791131', '1460731.5017543'),
(289, 304, 1, '2269.2834507468', '2404390.1408961'),
(290, 305, 1, '1303.0733572189', '1423685.3878673'),
(291, 306, 1, '4827.9184294801', '5404600.1317737'),
(292, 307, 1, '1348.0416676739', '1571228.3170308'),
(293, 308, 1, '1986.2793432905', '2436065.4937409'),
(294, 309, 1, '128.55633831191', '42423.591642929'),
(295, 310, 1, '2852.7098010015', '3903375.6578441'),
(296, 311, 1, '550', '736000'),
(297, 312, 1, '3.4105996554148', '27284.797243319'),
(298, 313, 1, '42.037922627993', '42037.922627993'),
(299, 314, 1, '7.7133802987143', '26996.8310455'),
(300, 315, 1, '0.14761150248929', '502571.12676624'),
(301, 316, 1, '2625.5703755132', '4447970.2434439'),
(302, 317, 1, '38.566901493572', '68841.919166025'),
(303, 318, 1, '450.07252652152', '1575350.2600791'),
(304, 319, 1, '228.75915542895', '206261.79622437'),
(305, 320, 1, '309.3708281476', '233400.46002218'),
(306, 321, 1, '5.9778697315036', '23560.520122423'),
(307, 322, 1, '13.273441930704', '52303.78902389'),
(308, 323, 1, '118.28468688078', '473138.74752314'),
(309, 324, 1, '0', '0'),
(310, 325, 1, '4.2809260657864', '23487.243009585'),
(311, 326, 1, '41.772300497857', '271519.95323607'),
(312, 327, 1, '19.309162014448', '79167.564259237'),
(313, 328, 1, '10.965855658006', '48197.056796516'),
(314, 329, 1, '105.72473262771', '442574.47808948'),
(315, 330, 1, '196.71690888488', '806539.326428'),
(316, 331, 1, '130.42040521743', '534723.66139145'),
(317, 332, 1, '79.801347007115', '336331.66341837'),
(318, 333, 1, '58.954204307465', '240519.6068214'),
(319, 334, 1, '63.016018898966', '266930.33055825'),
(320, 335, 1, '65.820845215695', '269865.46538435'),
(321, 336, 1, '516.43339204006', '6691771.7139342'),
(322, 337, 1, '50.703192517771', '1336622.471533'),
(323, 338, 1, '4.1282922587702', '75337.71136436'),
(324, 339, 1, '135.14548139516', '2320370.9479785'),
(325, 340, 1, '18.565240637142', '323742.64721001'),
(326, 341, 1, '0.77133802987143', '17226.549333795'),
(327, 342, 1, '26.366085691675', '753269.22864113'),
(328, 343, 1, '4.1092370945929', '78075.504797264'),
(329, 344, 1, '99.466966091116', '1830282.3440301'),
(330, 345, 1, '9.3846126967691', '186503.107806'),
(331, 346, 1, '0.064278169155953', '1928.3450746786'),
(332, 347, 1, '0.32139084577976', '7199.1549454667'),
(333, 348, 1, '7.2349824081274', '138486.00378429'),
(334, 349, 1, '19.059448358226', '382088.86153271'),
(335, 350, 1, '0.064278169155953', '1478.3978905869'),
(336, 351, 1, '0.12855633831191', '1285.5633831191'),
(337, 352, 1, '70.202400279147', '2204845.8758785'),
(338, 353, 1, '531.67352175892', '10893443.583329'),
(339, 354, 1, '43.321731304501', '860719.4910847'),
(340, 355, 1, '105.81714810211', '2171972.9915366'),
(341, 356, 1, '67.475058706726', '569299.75379436'),
(342, 357, 1, '14.335616199027', '500782.39442862'),
(343, 358, 1, '0.85467136320476', '21238.227741807'),
(344, 359, 1, '0.12855633831191', '2956.7957811738'),
(345, 360, 1, '0.12855633831191', '5013.6971941643'),
(346, 361, 1, '74.453626826674', '1813568.6724381'),
(347, 362, 1, '0.51422535324762', '15426.760597429'),
(348, 363, 1, '21.385404935394', '726733.02253015'),
(349, 364, 1, '1.8640669055226', '52708.098707881'),
(350, 365, 1, '39.764395582608', '1054026.8966906'),
(351, 366, 1, '16.011678408012', '562261.03892775'),
(352, 367, 1, '18.341408477943', '95542.130429659'),
(353, 368, 1, '13.283280517425', '30933.016437883'),
(354, 369, 1, '20.44485329362', '176448.79701574'),
(355, 370, 1, '1.7997887363667', '10798.7324182'),
(356, 371, 1, '0.19283450746786', '3471.0211344214'),
(357, 372, 1, '1.1949311646092', '597.46558230458'),
(358, 373, 1, '3288.1435100898', '7937876.837329'),
(359, 374, 1, '61.408342270287', '129422.776692'),
(360, 375, 1, '112.50607947366', '90004.863578931'),
(361, 376, 1, '15.966697218339', '24515.69371608'),
(362, 377, 1, '226.93407620509', '129947.96067413'),
(363, 378, 1, '54.639657691018', '86017.367355342'),
(364, 379, 1, '1397.0647948088', '1919368.274826'),
(365, 380, 1, '405.72380371237', '484708.81797121'),
(366, 381, 1, '202.62407263031', '20590.225925726'),
(367, 382, 1, '3.5995774727333', '71991.549454667'),
(368, 383, 1, '0.32139084577976', '4820.8626866964'),
(369, 384, 1, '98.034847523674', '2369518.4971238'),
(370, 385, 1, '76.230944835823', '2029660.5633831'),
(371, 386, 1, '2027.1353785031', '45145810.217707'),
(372, 387, 1, '1.9880575124464', '30785.035224036'),
(373, 388, 1, '82.026167840801', '2891861.3615126'),
(374, 389, 1, '59.553374528768', '1466726.5578435'),
(375, 390, 1, '5.3709155026048', '123544.75375407'),
(376, 391, 1, '11.698626786383', '370113.69799998'),
(377, 392, 1, '0.12855633831191', '2571.1267662381'),
(378, 393, 1, '0.44994718409167', '15105.369751649'),
(379, 394, 1, '6.2349824081274', '224716.47936921'),
(380, 395, 1, '0.064278169155953', '2249.7359204583'),
(381, 396, 1, '2.5068485970822', '101045.28191316'),
(382, 397, 1, '16.262376796456', '596308.57525977'),
(383, 398, 1, '0.51422535324762', '24040.035264326'),
(384, 399, 1, '3.7471889752226', '127837.86412272'),
(385, 400, 1, '23.204419065299', '794799.56161335'),
(386, 401, 1, '4.113802825981', '129713.34535671'),
(387, 402, 1, '0.25711267662381', '8291.8838211179'),
(388, 403, 1, '2.5068485970822', '81826.109335528'),
(389, 404, 1, '0.064278169155953', '1928.3450746786'),
(390, 405, 1, '10.020545791246', '186303.96159603'),
(391, 406, 1, '63.985757175751', '1376272.0187215'),
(392, 407, 1, '0.064278169155953', '1157.0070448071'),
(393, 408, 1, '27.399800518002', '511787.19579272'),
(394, 409, 1, '439.02215423467', '8285749.8770256'),
(395, 410, 1, '147.59997683963', '2761153.7852257'),
(396, 411, 1, '1.2855633831191', '25582.711324069'),
(397, 412, 1, '0.32139084577976', '964.17253733929'),
(398, 413, 1, '0.12855633831191', '257.11267662381'),
(399, 414, 1, '1.9283450746786', '4242.3591642929'),
(400, 415, 1, '2.5711267662381', '7713.3802987143'),
(401, 416, 1, '22.625915542895', '237655.6748203'),
(402, 417, 1, '818.17382178773', '3316956.1507414'),
(403, 418, 1, '2667.6779150206', '3159283.0554477'),
(404, 419, 1, '605.1555874653', '221179.45561285'),
(405, 420, 1, '188.62065142306', '95634.455996144'),
(406, 421, 1, '199.90510607501', '39981.021215003'),
(407, 422, 1, '18956.363497712', '109634425.86013'),
(408, 423, 1, '217.26021174712', '1211000.7068981'),
(409, 424, 1, '21590.046316184', '131006003.2259'),
(410, 425, 1, '72.80205413106', '489451.5795937'),
(411, 426, 1, '3754.8393258514', '21408229.937568'),
(412, 427, 1, '1201.7351526375', '6597716.1563815'),
(413, 428, 1, '2819.4482184582', '16982052.79164'),
(414, 429, 1, '1881.4005902905', '11490242.661867'),
(415, 430, 1, '10319.984283116', '33691052.534569'),
(416, 431, 1, '104.42834507468', '557510.09393076'),
(417, 432, 1, '57.736208955655', '346417.25373393'),
(418, 433, 1, '10226.715834505', '54047968.75886'),
(419, 434, 1, '663.49854547849', '3762399.8602406'),
(420, 435, 1, '391.53589506118', '2035153.9525896'),
(421, 436, 1, '357.7199948747', '2181780.7585164'),
(422, 437, 1, '18821.57858293', '104805268.78913'),
(423, 438, 1, '477.9991387735', '2713267.2177178'),
(424, 439, 1, '833.72648854304', '4176705.5435779'),
(425, 440, 1, '39.466795861755', '236800.77517053'),
(426, 441, 1, '195.81701451669', '1068282.6023578'),
(427, 442, 1, '181.79456255951', '1066399.2847171'),
(428, 443, 1, '552.07227733749', '3032935.3776167'),
(429, 444, 1, '7023.7033158637', '35480313.129929'),
(430, 445, 1, '1478.3914742842', '8089624.266732'),
(431, 446, 1, '83.561619902738', '125985.21154567'),
(432, 447, 1, '1331.4392791764', '2286983.5684728'),
(433, 448, 1, '205.29448358226', '2816383.9204006'),
(434, 449, 1, '8.2905982577348', '73072.965372547'),
(435, 450, 1, '8.477004948287', '74597.643544926'),
(436, 451, 1, '1415.0610653114', '3550118.993406'),
(437, 452, 1, '3171.2907027398', '8707377.6671564'),
(438, 453, 1, '2403.2338821867', '6862230.105151'),
(439, 454, 1, '535.55245349796', '1537149.5987505'),
(440, 455, 1, '12.855633831191', '38566.901493572'),
(441, 456, 1, '128.96386190435', '389462.7124793'),
(442, 457, 1, '424.93012065617', '1276075.9253516'),
(443, 458, 1, '635.11973379614', '1272900.5837953'),
(444, 459, 1, '1555.1378752757', '4714728.2038686'),
(445, 460, 1, '4.8208626866964', '14462.588060089'),
(446, 461, 1, '183.07863880976', '565687.09016091'),
(447, 462, 1, '2663.3428020704', '7950031.6567226'),
(448, 463, 1, '28.032995132294', '141673.7128479'),
(449, 464, 1, '2738.8824128999', '8255537.3206877'),
(450, 465, 1, '392.09683185131', '1142865.8475928'),
(451, 466, 1, '5438.0671547604', '15804901.559969'),
(452, 467, 1, '13214.410465939', '39619623.88147'),
(453, 468, 1, '3181.1610892324', '6237245.8319908'),
(454, 469, 1, '1922.0834919356', '3814927.4846704'),
(455, 470, 1, '9073.3002716374', '17145428.829174'),
(456, 471, 1, '9538.6417150573', '18874077.702904'),
(457, 472, 1, '19027.331539673', '37278684.005869'),
(458, 473, 1, '1049.4272442176', '2158531.626243'),
(459, 474, 1, '800.86033036929', '2402842.6695159'),
(460, 475, 1, '8202.7083509084', '23875457.658911'),
(461, 476, 1, '11127.309690551', '31143219.971281'),
(462, 477, 1, '1944.0588273944', '5895146.2592991'),
(463, 478, 1, '5550.713645316', '15777524.854737'),
(464, 479, 1, '2.6354049353941', '17657.21306714'),
(465, 480, 1, '154.70610261145', '774899.63806027'),
(466, 481, 1, '1122.1861392731', '15025482.741892'),
(467, 482, 1, '2894.5767999401', '9489514.6883235'),
(468, 483, 1, '132.86297564535', '518596.26875023'),
(469, 484, 1, '5661.6078475665', '35220485.98516'),
(470, 485, 1, '2071.0128915136', '10231117.348063'),
(471, 486, 1, '771.75145120442', '1928522.2870559'),
(472, 487, 1, '539.80143431696', '3198231.4745357'),
(473, 488, 1, '0.32139084577976', '5463.644378256'),
(474, 489, 1, '1109.300441207', '2218600.882414'),
(475, 490, 1, '0', '0'),
(476, 491, 1, '2.5833333333333', '31000'),
(477, 492, 1, '40.916666666667', '40916.666666667'),
(478, 493, 1, '16', '26750'),
(479, 494, 1, '25', '187500'),
(480, 495, 1, '4299.1666666667', '47227635'),
(481, 496, 1, '905.41666666667', '5628441.6666667'),
(482, 497, 1, '2.75', '30333.333333333'),
(483, 498, 1, '99.438327684259', '745787.45763194'),
(484, 499, 1, '25', '175000'),
(485, 500, 1, '1816.6666666667', '29164310.833333'),
(486, 502, 1, '0.16666666666667', '1166.6666666667'),
(487, 503, 1, '20.5', '153750'),
(488, 504, 1, '2.0833333333333', '13541.666666667'),
(489, 505, 1, '0.33333333333333', '4666.6666666667'),
(490, 506, 1, '0.33333333333333', '6000'),
(491, 507, 1, '83.333333333333', '666666.66666667'),
(492, 508, 1, '450', '3087975'),
(493, 509, 1, '1', '1904411.75'),
(494, 510, 1, '1550', '21273879.166667'),
(495, 511, 1, '1.4166666666667', '1058823'),
(496, 512, 1, '8.3333333333333', '458333.33333333'),
(497, 513, 1, '50.833333333333', '360916.66666667'),
(498, 514, 1, '1368.5', '17891020.833333'),
(499, 515, 1, '0.083333333333333', '333333.33333333'),
(500, 516, 1, '16.666666666667', '176333.33333333'),
(501, 517, 1, '66.666666666667', '705333.33333333'),
(502, 518, 1, '20.833333333333', '88333.333333333'),
(503, 519, 1, '14.5', '106666.66666667'),
(504, 520, 1, '1.6666666666667', '14166.666666667'),
(505, 521, 1, '71.666666666667', '1433333.3333333'),
(506, 522, 1, '0', '0'),
(507, 523, 1, '0', '0'),
(508, 524, 1, '11.416666666667', '613075'),
(509, 525, 1, '1500', '4500000'),
(510, 526, 1, '502.5', '8455000'),
(511, 527, 1, '0.66666666666667', '12000'),
(512, 528, 1, '3.3333333333333', '7333.3333333333'),
(513, 529, 1, '6.6666666666667', '26666.666666667'),
(514, 530, 1, '88.5', '663750'),
(515, 531, 1, '2021.5916666667', '16172733.333333'),
(516, 532, 1, '406.08333333333', '682220'),
(517, 533, 1, '0.083333333333333', '272583.33333333'),
(518, 534, 1, '16.666666666667', '13000'),
(519, 535, 1, '216.66666666667', '168100'),
(520, 536, 1, '900', '692433.33333333'),
(521, 537, 1, '200', '156166.66666667'),
(522, 538, 1, '1041.6666666667', '1562500'),
(523, 539, 1, '361.08333333333', '70050.166666667'),
(524, 540, 1, '450', '237150'),
(525, 541, 1, '6211.6666666667', '496933.33333333'),
(526, 542, 1, '500', '721000'),
(527, 543, 1, '900', '972900'),
(528, 544, 1, '1000', '1350000'),
(529, 545, 1, '450', '637650'),
(530, 546, 1, '1698.0583333333', '2292378.75'),
(531, 547, 1, '33.333333333333', '54333.333333333'),
(532, 548, 1, '316.66666666667', '234966.66666667'),
(533, 549, 1, '361.83333333333', '289466.66666667'),
(534, 550, 1, '275', '209000'),
(535, 551, 1, '216.66666666667', '36833.333333333'),
(536, 552, 1, '416.66666666667', '417666.66666667'),
(537, 553, 1, '145.83333333333', '197020.83333333'),
(538, 554, 1, '466.66666666667', '760666.66666667'),
(539, 555, 1, '50', '38100'),
(540, 556, 1, '150', '115166.66666667'),
(541, 557, 1, '216.66666666667', '149600'),
(542, 558, 1, '33.333333333333', '24000'),
(543, 559, 1, '16.666666666667', '12000'),
(544, 560, 1, '699.17666666667', '4878085'),
(545, 561, 1, '500', '315000'),
(546, 562, 1, '0.16666666666667', '1666666.6666667'),
(547, 563, 1, '1196', '3348800'),
(548, 564, 1, '538.91666666667', '1795233.3333333'),
(549, 565, 1, '87.033333333333', '391650'),
(550, 566, 1, '78.683333333333', '314733.33333333'),
(551, 567, 1, '12.725', '53445'),
(552, 568, 1, '25.041666666667', '105175'),
(553, 569, 1, '30.1', '131870'),
(554, 570, 1, '9.4166666666667', '39550'),
(555, 571, 1, '9.0166666666667', '36066.666666667'),
(556, 572, 1, '299.75', '10505317.5'),
(557, 573, 1, '88', '5325000'),
(558, 574, 1, '162', '8300728.6666667'),
(559, 575, 1, '37.75', '1498613.3333333'),
(560, 576, 1, '22.916666666667', '502733.33333333'),
(561, 577, 1, '16.666666666667', '333333.33333333'),
(562, 578, 1, '11.416666666667', '342500'),
(563, 579, 1, '204.41666666667', '1103083.3333333'),
(564, 580, 1, '0.5', '10000'),
(565, 581, 1, '252.16666666667', '1369458.3333333'),
(566, 582, 1, '16.666666666667', '353333.33333333'),
(567, 583, 1, '1.25', '27500'),
(568, 584, 1, '724', '4291166.6666667'),
(569, 585, 1, '0.16666666666667', '4166.6666666667'),
(570, 586, 1, '1.6666666666667', '38333.333333333'),
(571, 587, 1, '280.5', '1777833.3333333'),
(572, 588, 1, '1.6666666666667', '43333.333333333'),
(573, 589, 1, '161.25', '1098833.3333333'),
(574, 590, 1, '4.1666666666667', '64166.666666667'),
(575, 591, 1, '11497.791666667', '4047222.6666667'),
(576, 592, 1, '659.25', '232056'),
(577, 593, 1, '2418.8083333333', '851420.53333333'),
(578, 594, 1, '3175.5833333333', '2222908.3333333'),
(579, 595, 1, '3967.5', '9143333.3333333'),
(580, 596, 1, '0.083333333333333', '541.66666666667'),
(581, 597, 1, '1631.6666666667', '1468500'),
(582, 598, 1, '0.16666666666667', '1333.3333333333'),
(583, 599, 1, '1083.3333333333', '1083333.3333333'),
(584, 600, 1, '0.16666666666667', '116666.66666667'),
(585, 601, 1, '20.833333333333', '146250'),
(586, 602, 1, '128.33333333333', '410666.66666667'),
(587, 603, 1, '49.25', '270875'),
(588, 604, 1, '20.95', '115225'),
(589, 605, 1, '2065.75', '9131291.6666667'),
(590, 606, 1, '250', '420000'),
(591, 607, 1, '19193.8075', '59516158.491667'),
(592, 608, 1, '0', '0'),
(593, 609, 1, '403.29166666667', '1814812.5'),
(594, 610, 1, '292.58333333333', '1462916.6666667'),
(595, 611, 1, '690.04166666667', '3016241.6666667'),
(596, 612, 1, '29.316666666667', '123130'),
(597, 1828, 3, '0', '0'),
(598, 1829, 3, '0', '0'),
(599, 1830, 3, '0', '0'),
(600, 1831, 3, '0', '0'),
(601, 1832, 3, '0', '0'),
(602, 1833, 3, '0', '0'),
(603, 1834, 3, '0', '0'),
(604, 1835, 3, '0', '0'),
(605, 1836, 3, '0', '0'),
(606, 1837, 3, '0', '0'),
(607, 1838, 3, '0', '0'),
(608, 1839, 3, '0', '0'),
(609, 1840, 3, '0', '0'),
(610, 1841, 3, '0', '0'),
(611, 1842, 3, '0', '0'),
(612, 1843, 3, '0', '0'),
(613, 1844, 3, '0', '0'),
(614, 1845, 3, '0', '0'),
(615, 1846, 3, '0', '0'),
(616, 1847, 3, '0', '0'),
(617, 1848, 3, '0', '0'),
(618, 1849, 3, '0', '0'),
(619, 1850, 3, '0', '0'),
(620, 1851, 3, '0', '0'),
(621, 1852, 3, '0', '0'),
(622, 1853, 3, '0', '0'),
(623, 1854, 3, '0', '0'),
(624, 1855, 3, '0', '0'),
(625, 1856, 3, '0', '0'),
(626, 1857, 3, '0', '0'),
(627, 1858, 3, '0', '0'),
(628, 1859, 3, '0', '0'),
(629, 1860, 3, '0', '0'),
(630, 1861, 3, '0', '0'),
(631, 1862, 3, '0', '0'),
(632, 1863, 3, '0', '0'),
(633, 1864, 3, '0', '0'),
(634, 1866, 3, '0', '0'),
(635, 1867, 3, '0', '0'),
(636, 1868, 3, '0', '0'),
(637, 1869, 3, '0', '0'),
(638, 1871, 3, '0', '0'),
(639, 1872, 3, '0', '0'),
(640, 1873, 3, '0', '0'),
(641, 1874, 3, '0', '0'),
(642, 1875, 3, '0', '0'),
(643, 1876, 3, '0', '0'),
(644, 1877, 3, '0', '0'),
(645, 1878, 3, '0', '0'),
(646, 1879, 3, '0', '0'),
(647, 1880, 3, '0', '0'),
(648, 1881, 3, '0', '0'),
(649, 1882, 3, '0', '0'),
(650, 1883, 3, '0', '0'),
(651, 1885, 3, '0', '0'),
(652, 1888, 3, '0', '0'),
(653, 1889, 3, '0', '0'),
(654, 1892, 3, '0', '0'),
(655, 1894, 3, '0', '0'),
(656, 1899, 3, '0', '0'),
(657, 1900, 3, '0', '0'),
(658, 1901, 3, '0', '0'),
(659, 1902, 3, '0', '0'),
(660, 1903, 3, '0', '0'),
(661, 1904, 3, '0', '0'),
(662, 1905, 3, '0', '0'),
(663, 1906, 3, '0', '0'),
(664, 1907, 3, '0', '0'),
(665, 1908, 3, '0', '0'),
(666, 1909, 3, '0', '0'),
(667, 1910, 3, '0', '0'),
(668, 1911, 3, '0', '0'),
(669, 1912, 3, '0', '0'),
(670, 1913, 3, '0', '0'),
(671, 1914, 3, '0', '0'),
(672, 1915, 3, '0', '0'),
(673, 1916, 3, '0', '0'),
(674, 1917, 3, '0', '0'),
(675, 1918, 3, '0', '0'),
(676, 1919, 3, '0', '0'),
(677, 1920, 3, '0', '0'),
(678, 1921, 3, '0', '0'),
(679, 1922, 3, '0', '0'),
(680, 1923, 3, '0', '0'),
(681, 1924, 3, '0', '0'),
(682, 1925, 3, '0', '0'),
(683, 1926, 3, '0', '0'),
(684, 1927, 3, '0', '0'),
(685, 1928, 3, '0', '0'),
(686, 1929, 3, '0', '0'),
(687, 1930, 3, '0', '0'),
(688, 1931, 3, '0', '0'),
(689, 1932, 3, '0', '0'),
(690, 1933, 3, '0', '0'),
(691, 1934, 3, '0', '0'),
(692, 1935, 3, '0', '0'),
(693, 1936, 3, '0', '0'),
(694, 1937, 3, '0', '0'),
(695, 1938, 3, '0', '0'),
(696, 1939, 3, '0', '0'),
(697, 1940, 3, '0', '0'),
(698, 1941, 3, '0', '0'),
(699, 1942, 3, '0', '0'),
(700, 1943, 3, '0', '0'),
(701, 1944, 3, '0', '0'),
(702, 1945, 3, '0', '0'),
(703, 1946, 3, '0', '0'),
(704, 1947, 3, '0', '0'),
(705, 1948, 3, '0', '0'),
(706, 1949, 3, '0', '0'),
(707, 1950, 3, '0', '0'),
(708, 1951, 3, '0', '0'),
(709, 1952, 3, '0', '0'),
(710, 1953, 3, '0', '0'),
(711, 1954, 3, '0', '0'),
(712, 1955, 3, '0', '0'),
(713, 1956, 3, '0', '0'),
(714, 1957, 3, '0', '0'),
(715, 1958, 3, '0', '0'),
(716, 1959, 3, '0', '0'),
(717, 1960, 3, '0', '0'),
(718, 1961, 3, '0', '0'),
(719, 1962, 3, '0', '0'),
(720, 1963, 3, '0', '0'),
(721, 1964, 3, '0', '0'),
(722, 1965, 3, '0', '0'),
(723, 1966, 3, '0', '0'),
(724, 1967, 3, '0', '0'),
(725, 1968, 3, '0', '0'),
(726, 1969, 3, '0', '0'),
(727, 1970, 3, '0', '0'),
(728, 1971, 3, '0', '0'),
(729, 1972, 3, '0', '0'),
(730, 1973, 3, '0', '0'),
(731, 1974, 3, '0', '0'),
(732, 1975, 3, '0', '0'),
(733, 1976, 3, '0', '0'),
(734, 1977, 3, '0', '0'),
(735, 1978, 3, '0', '0'),
(736, 1979, 3, '0', '0'),
(737, 1980, 3, '0', '0'),
(738, 1981, 3, '0', '0'),
(739, 1982, 3, '0', '0'),
(740, 1983, 3, '0', '0'),
(741, 1984, 3, '0', '0'),
(742, 1985, 3, '0', '0'),
(743, 1986, 3, '0', '0'),
(744, 1987, 3, '0', '0'),
(745, 1988, 3, '0', '0'),
(746, 1989, 3, '0', '0'),
(747, 1990, 3, '0', '0'),
(748, 1991, 3, '0', '0'),
(749, 1992, 3, '0', '0'),
(750, 1993, 3, '0', '0'),
(751, 1994, 3, '0', '0'),
(752, 1995, 3, '0', '0'),
(753, 1996, 3, '0', '0'),
(754, 1997, 3, '0', '0'),
(755, 1998, 3, '0', '0'),
(756, 1999, 3, '0', '0'),
(757, 2000, 3, '0', '0'),
(758, 2001, 3, '0', '0'),
(759, 2002, 3, '0', '0'),
(760, 2003, 3, '0', '0'),
(761, 2004, 3, '0', '0'),
(762, 2005, 3, '0', '0'),
(763, 2006, 3, '0', '0'),
(764, 2007, 3, '0', '0'),
(765, 2008, 3, '0', '0'),
(766, 2009, 3, '0', '0'),
(767, 2010, 3, '0', '0'),
(768, 2011, 3, '0', '0'),
(769, 2012, 3, '0', '0'),
(770, 2013, 3, '0', '0'),
(771, 2014, 3, '0', '0'),
(772, 2015, 3, '0', '0'),
(773, 2016, 3, '0', '0'),
(774, 2017, 3, '0', '0'),
(775, 2018, 3, '0', '0'),
(776, 2019, 3, '0', '0'),
(777, 2020, 3, '0', '0'),
(778, 2021, 3, '0', '0'),
(779, 2022, 3, '0', '0'),
(780, 2023, 3, '0', '0'),
(781, 2024, 3, '0', '0'),
(782, 2025, 3, '0', '0'),
(783, 2026, 3, '0', '0'),
(784, 2027, 3, '0', '0'),
(785, 2028, 3, '0', '0'),
(786, 2029, 3, '0', '0'),
(787, 2030, 3, '0', '0'),
(788, 2031, 3, '0', '0'),
(789, 2032, 3, '0', '0'),
(790, 2033, 3, '0', '0'),
(791, 2034, 3, '0', '0'),
(792, 2035, 3, '0', '0'),
(793, 2036, 3, '0', '0'),
(794, 2037, 3, '0', '0'),
(795, 2038, 3, '0', '0'),
(796, 2039, 3, '0', '0'),
(797, 2040, 3, '0', '0'),
(798, 2041, 3, '0', '0'),
(799, 2042, 3, '0', '0'),
(800, 2043, 3, '0', '0'),
(801, 2044, 3, '0', '0'),
(802, 2045, 3, '0', '0'),
(803, 2046, 3, '0', '0'),
(804, 2047, 3, '0', '0'),
(805, 2048, 3, '0', '0'),
(806, 2049, 3, '0', '0'),
(807, 2050, 3, '0', '0'),
(808, 2051, 3, '0', '0'),
(809, 2052, 3, '0', '0'),
(810, 2053, 3, '0', '0'),
(811, 2054, 3, '0', '0'),
(812, 2055, 3, '0', '0'),
(813, 2056, 3, '0', '0'),
(814, 2057, 3, '0', '0'),
(815, 2058, 3, '0', '0'),
(816, 2059, 3, '0', '0'),
(817, 2060, 3, '0', '0'),
(818, 2061, 3, '0', '0'),
(819, 2062, 3, '0', '0'),
(820, 2063, 3, '0', '0'),
(821, 2064, 3, '0', '0'),
(822, 2065, 3, '0', '0'),
(823, 2066, 3, '0', '0'),
(824, 2067, 3, '0', '0'),
(825, 2068, 3, '0', '0'),
(826, 2069, 3, '0', '0'),
(827, 2070, 3, '0', '0'),
(828, 2071, 3, '0', '0'),
(829, 2072, 3, '0', '0'),
(830, 2073, 3, '0', '0'),
(831, 2074, 3, '0', '0'),
(832, 2075, 3, '0', '0'),
(833, 2076, 3, '0', '0'),
(834, 2077, 3, '0', '0'),
(835, 2078, 3, '0', '0'),
(836, 2079, 3, '0', '0'),
(837, 2080, 3, '0', '0'),
(838, 2081, 3, '0', '0'),
(839, 2082, 3, '0', '0'),
(840, 2083, 3, '0', '0'),
(841, 2084, 3, '0', '0'),
(842, 2085, 3, '0', '0'),
(843, 2086, 3, '0', '0'),
(844, 2087, 3, '0', '0'),
(845, 2088, 3, '0', '0'),
(846, 2089, 3, '0', '0'),
(847, 2090, 3, '0', '0'),
(848, 2091, 3, '0', '0'),
(849, 2092, 3, '0', '0'),
(850, 2093, 3, '0', '0'),
(851, 2094, 3, '0', '0'),
(852, 2095, 3, '0', '0'),
(853, 2096, 3, '0', '0'),
(854, 2097, 3, '0', '0'),
(855, 2098, 3, '0', '0'),
(856, 2099, 3, '0', '0'),
(857, 2100, 3, '0', '0'),
(858, 2101, 3, '0', '0'),
(859, 2102, 3, '0', '0'),
(860, 2103, 3, '0', '0'),
(861, 2104, 3, '0', '0'),
(862, 2105, 3, '0', '0'),
(863, 2106, 3, '0', '0'),
(864, 2107, 3, '0', '0'),
(865, 2108, 3, '0', '0'),
(866, 2109, 3, '0', '0'),
(867, 2110, 3, '0', '0'),
(868, 2111, 3, '0', '0'),
(869, 2112, 3, '0', '0'),
(870, 2113, 3, '0', '0'),
(871, 2114, 3, '0', '0'),
(872, 2115, 3, '0', '0'),
(873, 2116, 3, '0', '0'),
(874, 2117, 3, '0', '0'),
(875, 2118, 3, '0', '0'),
(876, 2119, 3, '0', '0'),
(877, 2120, 3, '0', '0'),
(878, 2121, 3, '0', '0'),
(879, 2122, 3, '0', '0'),
(880, 2123, 3, '0', '0'),
(881, 2124, 3, '0', '0'),
(882, 2125, 3, '0', '0'),
(883, 2126, 3, '0', '0'),
(884, 2127, 3, '0', '0'),
(885, 2128, 3, '0', '0'),
(886, 2129, 3, '0', '0'),
(887, 2130, 3, '0', '0'),
(888, 2131, 3, '0', '0'),
(889, 2132, 3, '0', '0'),
(890, 2133, 3, '0', '0'),
(891, 2134, 3, '0', '0'),
(892, 2135, 3, '0', '0'),
(893, 2136, 3, '0', '0'),
(894, 2137, 3, '0', '0'),
(895, 2138, 3, '0', '0'),
(896, 2139, 3, '0', '0'),
(897, 2140, 3, '0', '0'),
(898, 2141, 3, '0', '0'),
(899, 2142, 3, '0', '0'),
(900, 2143, 3, '0', '0'),
(901, 2144, 3, '0', '0'),
(902, 2145, 3, '0', '0'),
(903, 2146, 3, '0', '0'),
(904, 2147, 3, '0', '0'),
(905, 2148, 3, '0', '0'),
(906, 2149, 3, '0', '0'),
(907, 2150, 3, '0', '0'),
(908, 2151, 3, '0', '0'),
(909, 2152, 3, '0', '0'),
(910, 2153, 3, '0', '0'),
(911, 2154, 3, '0', '0'),
(912, 2155, 3, '0', '0'),
(913, 2156, 3, '0', '0'),
(914, 2157, 3, '0', '0'),
(915, 2158, 3, '0', '0'),
(916, 2159, 3, '0', '0'),
(917, 2160, 3, '0', '0'),
(918, 2161, 3, '0', '0'),
(919, 2162, 3, '0', '0'),
(920, 2163, 3, '0', '0'),
(921, 2164, 3, '0', '0'),
(922, 2165, 3, '0', '0'),
(923, 2166, 3, '0', '0'),
(924, 2167, 3, '0', '0'),
(925, 2168, 3, '0', '0'),
(926, 2169, 3, '0', '0'),
(927, 2170, 3, '0', '0'),
(928, 2171, 3, '0', '0'),
(929, 2172, 3, '0', '0'),
(930, 2173, 3, '0', '0'),
(931, 2174, 3, '0', '0'),
(932, 2175, 3, '0', '0'),
(933, 2176, 3, '0', '0'),
(934, 2177, 3, '0', '0'),
(935, 2178, 3, '0', '0'),
(936, 2179, 3, '0', '0'),
(937, 2180, 3, '0', '0'),
(938, 2181, 3, '0', '0'),
(939, 2182, 3, '0', '0'),
(940, 2183, 3, '0', '0'),
(941, 2184, 3, '0', '0'),
(942, 2185, 3, '0', '0'),
(943, 2186, 3, '0', '0'),
(944, 2187, 3, '0', '0'),
(945, 2188, 3, '0', '0'),
(946, 2189, 3, '0', '0'),
(947, 2190, 3, '0', '0'),
(948, 2191, 3, '0', '0'),
(949, 2192, 3, '0', '0'),
(950, 2193, 3, '0', '0'),
(951, 2194, 3, '0', '0'),
(952, 2195, 3, '0', '0'),
(953, 2196, 3, '0', '0'),
(954, 2197, 3, '0', '0'),
(955, 2198, 3, '0', '0'),
(956, 2199, 3, '0', '0'),
(957, 2200, 3, '0', '0'),
(958, 2201, 3, '0', '0'),
(959, 2202, 3, '0', '0'),
(960, 2203, 3, '0', '0'),
(961, 2204, 3, '0', '0'),
(962, 2205, 3, '0', '0'),
(963, 2206, 3, '0', '0'),
(964, 2207, 3, '0', '0'),
(965, 2208, 3, '0', '0'),
(966, 2209, 3, '0', '0'),
(967, 2210, 3, '0', '0'),
(968, 2211, 3, '0', '0'),
(969, 2212, 3, '0', '0'),
(970, 2213, 3, '0', '0'),
(971, 2214, 3, '0', '0'),
(972, 2215, 3, '0', '0'),
(973, 2216, 3, '0', '0'),
(974, 2217, 3, '0', '0'),
(975, 2218, 3, '0', '0'),
(976, 2219, 3, '0', '0'),
(977, 2220, 3, '0', '0'),
(978, 2221, 3, '0', '0'),
(979, 2222, 3, '0', '0'),
(980, 2223, 3, '0', '0'),
(981, 2224, 3, '0', '0'),
(982, 2225, 3, '0', '0'),
(983, 2226, 3, '0', '0'),
(984, 2227, 3, '0', '0'),
(985, 2228, 3, '0', '0'),
(986, 2229, 3, '0', '0'),
(987, 2230, 3, '0', '0'),
(988, 2231, 3, '0', '0'),
(989, 2232, 3, '0', '0'),
(990, 2233, 3, '0', '0'),
(991, 2234, 3, '0', '0'),
(992, 2235, 3, '0', '0'),
(993, 2236, 3, '0', '0'),
(994, 2237, 3, '0', '0'),
(995, 2238, 3, '0', '0'),
(996, 2239, 3, '0', '0'),
(997, 2240, 3, '0', '0'),
(998, 2241, 3, '0', '0'),
(999, 2242, 3, '0', '0'),
(1000, 2243, 3, '0', '0'),
(1001, 2244, 3, '0', '0'),
(1002, 2245, 3, '0', '0'),
(1003, 2246, 3, '0', '0'),
(1004, 2247, 3, '0', '0'),
(1005, 2248, 3, '0', '0'),
(1006, 2249, 3, '0', '0'),
(1007, 2250, 3, '0', '0'),
(1008, 2251, 3, '0', '0'),
(1009, 2252, 3, '0', '0'),
(1010, 2253, 3, '0', '0'),
(1011, 2254, 3, '0', '0'),
(1012, 2255, 3, '0', '0'),
(1013, 2256, 3, '0', '0'),
(1014, 2257, 3, '0', '0'),
(1015, 2258, 3, '0', '0'),
(1016, 2259, 3, '0', '0'),
(1017, 2260, 3, '0', '0'),
(1018, 2261, 3, '0', '0'),
(1019, 2262, 3, '0', '0'),
(1020, 2263, 3, '0', '0'),
(1021, 2264, 3, '0', '0'),
(1022, 2265, 3, '0', '0'),
(1023, 2266, 3, '0', '0'),
(1024, 2267, 3, '0', '0'),
(1025, 2268, 3, '0', '0'),
(1026, 2269, 3, '0', '0'),
(1027, 2270, 3, '0', '0'),
(1028, 2271, 3, '0', '0'),
(1029, 2272, 3, '0', '0'),
(1030, 2273, 3, '0', '0'),
(1031, 2274, 3, '0', '0'),
(1032, 2275, 3, '0', '0'),
(1033, 2276, 3, '0', '0'),
(1034, 2277, 3, '0', '0'),
(1035, 2278, 3, '0', '0'),
(1036, 2279, 3, '0', '0'),
(1037, 2280, 3, '0', '0'),
(1038, 2281, 3, '0', '0'),
(1039, 2282, 3, '0', '0'),
(1040, 2283, 3, '0', '0'),
(1041, 2284, 3, '0', '0'),
(1042, 2285, 3, '0', '0'),
(1043, 2286, 3, '0', '0'),
(1044, 2287, 3, '0', '0'),
(1045, 2288, 3, '0', '0'),
(1046, 2289, 3, '0', '0'),
(1047, 2290, 3, '0', '0'),
(1048, 2291, 3, '0', '0'),
(1049, 2292, 3, '0', '0'),
(1050, 2293, 3, '0', '0'),
(1051, 2294, 3, '0', '0'),
(1052, 2295, 3, '0', '0'),
(1053, 2296, 3, '0', '0'),
(1054, 2297, 3, '0', '0'),
(1055, 2298, 3, '0', '0'),
(1056, 2299, 3, '0', '0'),
(1057, 2300, 3, '0', '0'),
(1058, 2301, 3, '0', '0'),
(1059, 2302, 3, '0', '0'),
(1060, 2303, 3, '0', '0'),
(1061, 2304, 3, '0', '0'),
(1062, 2305, 3, '0', '0'),
(1063, 2306, 3, '0', '0'),
(1064, 2307, 3, '0', '0'),
(1065, 2308, 3, '0', '0'),
(1066, 2309, 3, '0', '0'),
(1067, 2310, 3, '0', '0'),
(1068, 2311, 3, '0', '0'),
(1069, 2312, 3, '0', '0'),
(1070, 2313, 3, '0', '0'),
(1071, 2314, 3, '0', '0'),
(1072, 2315, 3, '0', '0'),
(1073, 2316, 3, '0', '0'),
(1074, 2317, 3, '0', '0'),
(1075, 2318, 3, '0', '0'),
(1076, 2319, 3, '0', '0'),
(1077, 2320, 3, '0', '0'),
(1078, 2321, 3, '0', '0'),
(1079, 2323, 3, '0', '0'),
(1080, 2324, 3, '0', '0'),
(1081, 2325, 3, '0', '0'),
(1082, 2326, 3, '0', '0'),
(1083, 2327, 3, '0', '0'),
(1084, 2328, 3, '0', '0'),
(1085, 2329, 3, '0', '0'),
(1086, 2330, 3, '0', '0'),
(1087, 2331, 3, '0', '0'),
(1088, 2332, 3, '0', '0'),
(1089, 2333, 3, '0', '0'),
(1090, 2334, 3, '0', '0'),
(1091, 2335, 3, '0', '0'),
(1092, 2336, 3, '0', '0'),
(1093, 2337, 3, '0', '0'),
(1094, 2338, 3, '0', '0'),
(1095, 2339, 3, '0', '0'),
(1096, 2340, 3, '0', '0'),
(1097, 2341, 3, '0', '0'),
(1098, 2342, 3, '0', '0'),
(1099, 2343, 3, '0', '0'),
(1100, 2344, 3, '0', '0'),
(1101, 2345, 3, '0', '0'),
(1102, 2346, 3, '0', '0'),
(1103, 2347, 3, '0', '0'),
(1104, 2348, 3, '0', '0'),
(1105, 2349, 3, '0', '0'),
(1106, 2350, 3, '0', '0'),
(1107, 2351, 3, '0', '0'),
(1108, 2352, 3, '0', '0'),
(1109, 2353, 3, '0', '0'),
(1110, 2354, 3, '0', '0'),
(1111, 2355, 3, '0', '0'),
(1112, 2356, 3, '0', '0'),
(1113, 2357, 3, '0', '0'),
(1114, 2358, 3, '0', '0'),
(1115, 2359, 3, '0', '0'),
(1116, 2360, 3, '0', '0'),
(1117, 2361, 3, '0', '0'),
(1118, 2362, 3, '0', '0'),
(1119, 2363, 3, '0', '0'),
(1120, 2364, 3, '0', '0'),
(1121, 2365, 3, '0', '0'),
(1122, 2366, 3, '0', '0'),
(1123, 2367, 3, '0', '0'),
(1124, 2368, 3, '0', '0'),
(1125, 2369, 3, '0', '0'),
(1126, 2370, 3, '0', '0'),
(1127, 2371, 3, '0', '0'),
(1128, 2372, 3, '0', '0'),
(1129, 2373, 3, '0', '0'),
(1130, 2374, 3, '0', '0'),
(1131, 2375, 3, '0', '0'),
(1132, 2376, 3, '0', '0'),
(1133, 2377, 3, '0', '0'),
(1134, 2378, 3, '0', '0'),
(1135, 2379, 3, '0', '0'),
(1136, 2380, 3, '0', '0'),
(1137, 2381, 3, '0', '0'),
(1138, 2382, 3, '0', '0'),
(1139, 2383, 3, '0', '0'),
(1140, 2384, 3, '0', '0'),
(1141, 2385, 3, '0', '0'),
(1142, 2386, 3, '0', '0'),
(1143, 2387, 3, '0', '0'),
(1144, 2388, 3, '0', '0'),
(1145, 2389, 3, '0', '0'),
(1146, 2390, 3, '0', '0'),
(1147, 2391, 3, '0', '0'),
(1148, 2392, 3, '0', '0'),
(1149, 2393, 3, '0', '0'),
(1150, 2394, 3, '0', '0'),
(1151, 2395, 3, '0', '0'),
(1152, 2396, 3, '0', '0'),
(1153, 2397, 3, '0', '0'),
(1154, 2398, 3, '0', '0'),
(1155, 2399, 3, '0', '0'),
(1156, 2400, 3, '0', '0'),
(1157, 2401, 3, '0', '0'),
(1158, 2402, 3, '0', '0'),
(1159, 2403, 3, '0', '0'),
(1160, 2404, 3, '0', '0'),
(1161, 2405, 3, '0', '0'),
(1162, 2406, 3, '0', '0'),
(1163, 2407, 3, '0', '0'),
(1164, 2408, 3, '0', '0'),
(1165, 2409, 3, '0', '0'),
(1166, 2410, 3, '0', '0'),
(1167, 2411, 3, '0', '0'),
(1168, 2412, 3, '0', '0'),
(1169, 2413, 3, '0', '0'),
(1170, 2414, 3, '0', '0'),
(1171, 2415, 3, '0', '0'),
(1172, 2416, 3, '0', '0'),
(1173, 2417, 3, '0', '0'),
(1174, 2418, 3, '0', '0'),
(1175, 2419, 3, '0', '0'),
(1176, 2420, 3, '0', '0'),
(1177, 2421, 3, '0', '0'),
(1178, 2422, 3, '0', '0'),
(1179, 2423, 3, '0', '0'),
(1180, 2424, 3, '0', '0'),
(1181, 2425, 3, '0', '0'),
(1182, 2426, 3, '0', '0'),
(1183, 2427, 3, '0', '0'),
(1184, 2428, 3, '0', '0'),
(1185, 2429, 3, '0', '0'),
(1186, 2430, 3, '0', '0'),
(1187, 2431, 3, '0', '0'),
(1188, 2432, 3, '0', '0'),
(1189, 2433, 3, '0', '0'),
(1192, 4290, 2, '0', '0'),
(1193, 4291, 2, '0', '0'),
(1194, 4292, 2, '0', '0'),
(1195, 4293, 2, '0', '0'),
(1196, 4294, 2, '0', '0'),
(1197, 4295, 2, '0', '0'),
(1198, 4296, 2, '0', '0'),
(1199, 4297, 2, '0', '0'),
(1200, 4298, 2, '0', '0'),
(1201, 4299, 2, '0', '0'),
(1202, 4300, 2, '0', '0'),
(1203, 4301, 2, '0', '0'),
(1204, 4302, 2, '0', '0'),
(1205, 4303, 2, '0', '0'),
(1206, 4304, 2, '0', '0'),
(1207, 4305, 2, '0', '0'),
(1208, 4306, 2, '0', '0'),
(1209, 4307, 2, '0', '0'),
(1210, 4308, 2, '0', '0'),
(1211, 4309, 2, '0', '0'),
(1212, 4310, 2, '0', '0'),
(1213, 4311, 2, '0', '0'),
(1214, 4312, 2, '0', '0'),
(1215, 4313, 2, '0', '0'),
(1216, 4314, 2, '0', '0'),
(1217, 4315, 2, '0', '0'),
(1218, 4316, 2, '0', '0'),
(1219, 4317, 2, '0', '0'),
(1220, 4318, 2, '0', '0'),
(1221, 4319, 2, '0', '0'),
(1222, 4320, 2, '0', '0'),
(1223, 4321, 2, '0', '0'),
(1224, 4322, 2, '0', '0'),
(1225, 4323, 2, '0', '0'),
(1226, 4324, 2, '0', '0'),
(1227, 4325, 2, '0', '0'),
(1228, 4326, 2, '0', '0'),
(1229, 4327, 2, '0', '0'),
(1230, 4328, 2, '0', '0'),
(1231, 4329, 2, '0', '0'),
(1232, 4330, 2, '0', '0'),
(1233, 4331, 2, '0', '0'),
(1234, 4332, 2, '0', '0'),
(1235, 4333, 2, '0', '0'),
(1236, 4334, 2, '0', '0'),
(1237, 4335, 2, '0', '0'),
(1238, 4336, 2, '0', '0'),
(1239, 4337, 2, '0', '0'),
(1240, 4338, 2, '0', '0'),
(1241, 4339, 2, '0', '0'),
(1242, 4340, 2, '0', '0'),
(1243, 4341, 2, '0', '0'),
(1244, 4342, 2, '0', '0'),
(1245, 4343, 2, '0', '0'),
(1246, 4344, 2, '0', '0'),
(1247, 4345, 2, '0', '0'),
(1248, 4346, 2, '0', '0'),
(1249, 4347, 2, '0', '0'),
(1250, 4348, 2, '0', '0'),
(1251, 4349, 2, '0', '0'),
(1252, 4350, 2, '0', '0'),
(1253, 4351, 2, '0', '0'),
(1254, 4352, 2, '0', '0'),
(1255, 4353, 2, '0', '0'),
(1256, 4354, 2, '0', '0'),
(1257, 4355, 2, '0', '0'),
(1258, 4356, 2, '0', '0'),
(1259, 4357, 2, '0', '0'),
(1260, 4358, 2, '0', '0'),
(1261, 4359, 2, '0', '0'),
(1262, 4360, 2, '0', '0'),
(1263, 4361, 2, '0', '0'),
(1264, 4362, 2, '0', '0'),
(1265, 4363, 2, '0', '0'),
(1266, 4364, 2, '0', '0'),
(1267, 4365, 2, '0', '0'),
(1268, 4366, 2, '0', '0'),
(1269, 4367, 2, '0', '0'),
(1270, 4368, 2, '0', '0'),
(1271, 4369, 2, '0', '0'),
(1272, 4370, 2, '0', '0'),
(1273, 4371, 2, '0', '0'),
(1274, 4372, 2, '0', '0'),
(1275, 4373, 2, '0', '0'),
(1276, 4374, 2, '0', '0'),
(1277, 4375, 2, '0', '0'),
(1278, 4376, 2, '0', '0'),
(1279, 4377, 2, '0', '0'),
(1280, 4378, 2, '0', '0'),
(1281, 4379, 2, '0', '0'),
(1282, 4380, 2, '0', '0'),
(1283, 4381, 2, '0', '0'),
(1284, 4382, 2, '0', '0'),
(1285, 4383, 2, '0', '0'),
(1286, 4384, 2, '0', '0'),
(1287, 4385, 2, '0', '0'),
(1288, 4386, 2, '0', '0'),
(1289, 4387, 2, '0', '0'),
(1290, 4388, 2, '0', '0'),
(1291, 4389, 2, '0', '0'),
(1292, 4390, 2, '0', '0'),
(1293, 4391, 2, '0', '0'),
(1294, 4392, 2, '0', '0'),
(1295, 4393, 2, '0', '0'),
(1296, 4394, 2, '0', '0'),
(1297, 4395, 2, '0', '0'),
(1298, 4396, 2, '0', '0'),
(1299, 4397, 2, '0', '0'),
(1300, 4398, 2, '0', '0'),
(1301, 4399, 2, '0', '0'),
(1302, 4400, 2, '0', '0'),
(1303, 4401, 2, '0', '0'),
(1304, 4402, 2, '0', '0'),
(1305, 4403, 2, '0', '0'),
(1306, 4404, 2, '0', '0'),
(1307, 4405, 2, '0', '0'),
(1308, 4406, 2, '0', '0'),
(1309, 4407, 2, '0', '0'),
(1310, 4408, 2, '0', '0'),
(1311, 4409, 2, '0', '0'),
(1312, 4410, 2, '0', '0'),
(1313, 4411, 2, '0', '0'),
(1314, 4412, 2, '0', '0'),
(1315, 4413, 2, '0', '0'),
(1316, 4414, 2, '0', '0'),
(1317, 4415, 2, '0', '0'),
(1318, 4416, 2, '0', '0'),
(1319, 4417, 2, '0', '0'),
(1320, 4418, 2, '0', '0'),
(1321, 4419, 2, '0', '0'),
(1322, 4420, 2, '0', '0'),
(1323, 4421, 2, '0', '0'),
(1324, 4422, 2, '0', '0'),
(1325, 4423, 2, '0', '0'),
(1326, 4424, 2, '0', '0'),
(1327, 4425, 2, '0', '0'),
(1328, 4426, 2, '0', '0'),
(1329, 4427, 2, '0', '0'),
(1330, 4428, 2, '0', '0'),
(1331, 4429, 2, '0', '0'),
(1332, 4430, 2, '0', '0'),
(1333, 4431, 2, '0', '0'),
(1334, 4432, 2, '0', '0'),
(1335, 4433, 2, '0', '0'),
(1336, 4434, 2, '0', '0'),
(1337, 4435, 2, '0', '0'),
(1338, 4436, 2, '0', '0'),
(1339, 4437, 2, '0', '0'),
(1340, 4438, 2, '0', '0'),
(1341, 4439, 2, '0', '0'),
(1342, 4440, 2, '0', '0'),
(1343, 4441, 2, '0', '0'),
(1344, 4442, 2, '0', '0'),
(1345, 4443, 2, '0', '0'),
(1346, 4444, 2, '0', '0'),
(1347, 4445, 2, '0', '0'),
(1348, 4446, 2, '0', '0'),
(1349, 4447, 2, '0', '0'),
(1350, 4448, 2, '0', '0'),
(1351, 4449, 2, '0', '0'),
(1352, 4450, 2, '0', '0'),
(1353, 4451, 2, '0', '0'),
(1354, 4452, 2, '0', '0'),
(1355, 4453, 2, '0', '0'),
(1356, 4454, 2, '0', '0'),
(1357, 4455, 2, '0', '0'),
(1358, 4456, 2, '0', '0'),
(1359, 4457, 2, '0', '0'),
(1360, 4458, 2, '0', '0'),
(1361, 4459, 2, '0', '0'),
(1362, 4460, 2, '0', '0'),
(1363, 4461, 2, '0', '0'),
(1364, 4462, 2, '0', '0'),
(1365, 4463, 2, '0', '0'),
(1366, 4464, 2, '0', '0'),
(1367, 4465, 2, '0', '0'),
(1368, 4466, 2, '0', '0'),
(1369, 4467, 2, '0', '0'),
(1370, 4468, 2, '0', '0'),
(1371, 4469, 2, '0', '0'),
(1372, 4470, 2, '0', '0'),
(1373, 4471, 2, '0', '0'),
(1374, 4472, 2, '0', '0'),
(1375, 4473, 2, '0', '0'),
(1376, 4474, 2, '0', '0'),
(1377, 4475, 2, '0', '0'),
(1378, 4476, 2, '0', '0'),
(1379, 4477, 2, '0', '0'),
(1380, 4478, 2, '0', '0'),
(1381, 4479, 2, '0', '0'),
(1382, 4480, 2, '0', '0'),
(1383, 4481, 2, '0', '0'),
(1384, 4482, 2, '0', '0'),
(1385, 4483, 2, '0', '0'),
(1386, 4484, 2, '0', '0'),
(1387, 4485, 2, '0', '0'),
(1388, 4486, 2, '0', '0'),
(1389, 4487, 2, '0', '0'),
(1390, 4488, 2, '0', '0'),
(1391, 4489, 2, '0', '0'),
(1392, 4490, 2, '0', '0'),
(1393, 4491, 2, '0', '0'),
(1394, 4492, 2, '0', '0'),
(1395, 4493, 2, '0', '0'),
(1396, 4494, 2, '0', '0'),
(1397, 4495, 2, '0', '0'),
(1398, 4496, 2, '0', '0'),
(1399, 4497, 2, '0', '0'),
(1400, 4498, 2, '0', '0'),
(1401, 4499, 2, '0', '0'),
(1402, 4500, 2, '0', '0'),
(1403, 4501, 2, '0', '0'),
(1404, 4502, 2, '0', '0'),
(1405, 4503, 2, '0', '0'),
(1406, 4504, 2, '0', '0'),
(1407, 4505, 2, '0', '0'),
(1408, 4506, 2, '0', '0'),
(1409, 4507, 2, '0', '0'),
(1410, 4508, 2, '0', '0'),
(1411, 4509, 2, '0', '0'),
(1412, 4510, 2, '0', '0'),
(1413, 4511, 2, '0', '0'),
(1414, 4512, 2, '0', '0'),
(1415, 4513, 2, '0', '0'),
(1416, 4514, 2, '0', '0'),
(1417, 4515, 2, '0', '0'),
(1418, 4516, 2, '0', '0'),
(1419, 4517, 2, '0', '0'),
(1420, 4518, 2, '0', '0'),
(1421, 4519, 2, '0', '0'),
(1422, 4520, 2, '0', '0'),
(1423, 4521, 2, '0', '0'),
(1424, 4522, 2, '0', '0'),
(1425, 4523, 2, '0', '0'),
(1426, 4524, 2, '0', '0'),
(1427, 4525, 2, '0', '0'),
(1428, 4526, 2, '0', '0'),
(1429, 4527, 2, '0', '0'),
(1430, 4528, 2, '0', '0'),
(1431, 4529, 2, '0', '0'),
(1432, 4530, 2, '0', '0'),
(1433, 4531, 2, '0', '0'),
(1434, 4532, 2, '0', '0'),
(1435, 4533, 2, '0', '0'),
(1436, 4534, 2, '0', '0'),
(1437, 4535, 2, '0', '0'),
(1438, 4536, 2, '0', '0'),
(1439, 4537, 2, '0', '0'),
(1440, 4538, 2, '0', '0'),
(1441, 4539, 2, '0', '0'),
(1442, 4540, 2, '0', '0'),
(1443, 4541, 2, '0', '0'),
(1444, 4542, 2, '0', '0'),
(1445, 4543, 2, '0', '0'),
(1446, 4544, 2, '0', '0'),
(1447, 4545, 2, '0', '0');
INSERT INTO `gastos_mensuales` (`id_gastos_mensuales`, `productos_id_producto`, `productos_empresas_id_empresa`, `unidades_vendidas`, `volumen_ventas`) VALUES
(1448, 4546, 2, '0', '0'),
(1449, 4547, 2, '0', '0'),
(1450, 4548, 2, '0', '0'),
(1451, 4549, 2, '0', '0'),
(1452, 4550, 2, '0', '0'),
(1453, 4551, 2, '0', '0'),
(1454, 4552, 2, '0', '0'),
(1455, 4553, 2, '0', '0'),
(1456, 4554, 2, '0', '0'),
(1457, 4555, 2, '0', '0'),
(1458, 4556, 2, '0', '0'),
(1459, 4557, 2, '0', '0'),
(1460, 4558, 2, '0', '0'),
(1461, 4559, 2, '0', '0'),
(1462, 4560, 2, '0', '0'),
(1463, 4561, 2, '0', '0'),
(1464, 4562, 2, '0', '0'),
(1465, 4563, 2, '0', '0'),
(1466, 4564, 2, '0', '0'),
(1467, 4565, 2, '0', '0'),
(1468, 4566, 2, '0', '0'),
(1469, 4567, 2, '0', '0'),
(1470, 4568, 2, '0', '0'),
(1471, 4569, 2, '0', '0'),
(1472, 4570, 2, '0', '0'),
(1473, 4571, 2, '0', '0'),
(1474, 4572, 2, '0', '0'),
(1475, 4573, 2, '0', '0'),
(1476, 4574, 2, '0', '0'),
(1477, 4575, 2, '0', '0'),
(1478, 4576, 2, '0', '0'),
(1479, 4577, 2, '0', '0'),
(1480, 4578, 2, '0', '0'),
(1481, 4579, 2, '0', '0'),
(1482, 4580, 2, '0', '0'),
(1483, 4581, 2, '0', '0'),
(1484, 4582, 2, '0', '0'),
(1485, 4583, 2, '0', '0'),
(1486, 4584, 2, '0', '0'),
(1487, 4585, 2, '0', '0'),
(1488, 4586, 2, '0', '0'),
(1489, 4587, 2, '0', '0'),
(1490, 4588, 2, '0', '0'),
(1491, 4589, 2, '0', '0'),
(1492, 4590, 2, '0', '0'),
(1493, 4591, 2, '0', '0'),
(1494, 4592, 2, '0', '0'),
(1495, 4593, 2, '0', '0'),
(1496, 4594, 2, '0', '0'),
(1497, 4595, 2, '0', '0'),
(1498, 4596, 2, '0', '0'),
(1499, 4597, 2, '0', '0'),
(1500, 4598, 2, '0', '0'),
(1501, 4599, 2, '0', '0'),
(1502, 4600, 2, '0', '0'),
(1503, 4601, 2, '0', '0'),
(1504, 4602, 2, '0', '0'),
(1505, 4603, 2, '0', '0'),
(1506, 4604, 2, '0', '0'),
(1507, 4605, 2, '0', '0'),
(1508, 4606, 2, '0', '0'),
(1509, 4607, 2, '0', '0'),
(1510, 4608, 2, '0', '0'),
(1511, 4609, 2, '0', '0'),
(1512, 4610, 2, '0', '0'),
(1513, 4611, 2, '0', '0'),
(1514, 4612, 2, '0', '0'),
(1515, 4613, 2, '0', '0'),
(1516, 4614, 2, '0', '0'),
(1517, 4615, 2, '0', '0'),
(1518, 4616, 2, '0', '0'),
(1519, 4617, 2, '0', '0'),
(1520, 4618, 2, '0', '0'),
(1521, 4619, 2, '0', '0'),
(1522, 4620, 2, '0', '0'),
(1523, 4621, 2, '0', '0'),
(1524, 4622, 2, '0', '0'),
(1525, 4623, 2, '0', '0'),
(1526, 4624, 2, '0', '0'),
(1527, 4625, 2, '0', '0'),
(1528, 4626, 2, '0', '0'),
(1529, 4627, 2, '0', '0'),
(1530, 4628, 2, '0', '0'),
(1531, 4629, 2, '0', '0'),
(1532, 4630, 2, '0', '0'),
(1533, 4631, 2, '0', '0'),
(1534, 4632, 2, '0', '0'),
(1535, 4633, 2, '0', '0'),
(1536, 4634, 2, '0', '0'),
(1537, 4635, 2, '0', '0'),
(1538, 4636, 2, '0', '0'),
(1539, 4637, 2, '0', '0'),
(1540, 4638, 2, '0', '0'),
(1541, 4639, 2, '0', '0'),
(1542, 4640, 2, '0', '0'),
(1543, 4641, 2, '0', '0'),
(1544, 4642, 2, '0', '0'),
(1545, 4643, 2, '0', '0'),
(1546, 4644, 2, '0', '0'),
(1547, 4645, 2, '0', '0'),
(1548, 4646, 2, '0', '0'),
(1549, 4647, 2, '0', '0'),
(1550, 4648, 2, '0', '0'),
(1551, 4649, 2, '0', '0'),
(1552, 4650, 2, '0', '0'),
(1553, 4651, 2, '0', '0'),
(1554, 4652, 2, '0', '0'),
(1555, 4653, 2, '0', '0'),
(1556, 4654, 2, '0', '0'),
(1557, 4655, 2, '0', '0'),
(1558, 4656, 2, '0', '0'),
(1559, 4657, 2, '0', '0'),
(1560, 4658, 2, '0', '0'),
(1561, 4659, 2, '0', '0'),
(1562, 4660, 2, '0', '0'),
(1563, 4661, 2, '0', '0'),
(1564, 4662, 2, '0', '0'),
(1565, 4663, 2, '0', '0'),
(1566, 4664, 2, '0', '0'),
(1567, 4665, 2, '0', '0'),
(1568, 4666, 2, '0', '0'),
(1569, 4667, 2, '0', '0'),
(1570, 4668, 2, '0', '0'),
(1571, 4669, 2, '0', '0'),
(1572, 4670, 2, '0', '0'),
(1573, 4671, 2, '0', '0'),
(1574, 4672, 2, '0', '0'),
(1575, 4673, 2, '0', '0'),
(1576, 4674, 2, '0', '0'),
(1577, 4675, 2, '0', '0'),
(1578, 4676, 2, '0', '0'),
(1579, 4677, 2, '0', '0'),
(1580, 4678, 2, '0', '0'),
(1581, 4679, 2, '0', '0'),
(1582, 4680, 2, '0', '0'),
(1583, 4681, 2, '0', '0'),
(1584, 4682, 2, '0', '0'),
(1585, 4683, 2, '0', '0'),
(1586, 4684, 2, '0', '0'),
(1587, 4685, 2, '0', '0'),
(1588, 4686, 2, '0', '0'),
(1589, 4687, 2, '0', '0'),
(1590, 4688, 2, '0', '0'),
(1591, 4689, 2, '0', '0'),
(1592, 4690, 2, '0', '0'),
(1593, 4691, 2, '0', '0'),
(1594, 4692, 2, '0', '0'),
(1595, 4693, 2, '0', '0'),
(1596, 4694, 2, '0', '0'),
(1597, 4695, 2, '0', '0'),
(1598, 4696, 2, '0', '0'),
(1599, 4697, 2, '0', '0'),
(1600, 4698, 2, '0', '0'),
(1601, 4699, 2, '0', '0'),
(1602, 4700, 2, '0', '0'),
(1603, 4701, 2, '0', '0'),
(1604, 4702, 2, '0', '0'),
(1605, 4703, 2, '0', '0'),
(1606, 4704, 2, '0', '0'),
(1607, 4705, 2, '0', '0'),
(1608, 4706, 2, '0', '0'),
(1609, 4707, 2, '0', '0'),
(1610, 4708, 2, '0', '0'),
(1611, 4709, 2, '0', '0'),
(1612, 4710, 2, '0', '0'),
(1613, 4711, 2, '0', '0'),
(1614, 4712, 2, '0', '0'),
(1615, 4713, 2, '0', '0'),
(1616, 4714, 2, '0', '0'),
(1617, 4715, 2, '0', '0'),
(1618, 4716, 2, '0', '0'),
(1619, 4717, 2, '0', '0'),
(1620, 4718, 2, '0', '0'),
(1621, 4719, 2, '0', '0'),
(1622, 4720, 2, '0', '0'),
(1623, 4721, 2, '0', '0'),
(1624, 4722, 2, '0', '0'),
(1625, 4723, 2, '0', '0'),
(1626, 4724, 2, '0', '0'),
(1627, 4725, 2, '0', '0'),
(1628, 4726, 2, '0', '0'),
(1629, 4727, 2, '0', '0'),
(1630, 4728, 2, '0', '0'),
(1631, 4729, 2, '0', '0'),
(1632, 4730, 2, '0', '0'),
(1633, 4731, 2, '0', '0'),
(1634, 4732, 2, '0', '0'),
(1635, 4733, 2, '0', '0'),
(1636, 4734, 2, '0', '0'),
(1637, 4735, 2, '0', '0'),
(1638, 4736, 2, '0', '0'),
(1639, 4737, 2, '0', '0'),
(1640, 4738, 2, '0', '0'),
(1641, 4739, 2, '0', '0'),
(1642, 4740, 2, '0', '0'),
(1643, 4741, 2, '0', '0'),
(1644, 4742, 2, '0', '0'),
(1645, 4743, 2, '0', '0'),
(1646, 4744, 2, '0', '0'),
(1647, 4745, 2, '0', '0'),
(1648, 4746, 2, '0', '0'),
(1649, 4747, 2, '0', '0'),
(1650, 4748, 2, '0', '0'),
(1651, 4749, 2, '0', '0'),
(1652, 4750, 2, '0', '0'),
(1653, 4751, 2, '0', '0'),
(1654, 4752, 2, '0', '0'),
(1655, 4753, 2, '0', '0'),
(1656, 4754, 2, '0', '0'),
(1657, 4755, 2, '0', '0'),
(1658, 4756, 2, '0', '0'),
(1659, 4757, 2, '0', '0'),
(1660, 4758, 2, '0', '0'),
(1661, 4759, 2, '0', '0'),
(1662, 4760, 2, '0', '0'),
(1663, 4761, 2, '0', '0'),
(1664, 4762, 2, '0', '0'),
(1665, 4763, 2, '0', '0'),
(1666, 4764, 2, '0', '0'),
(1667, 4765, 2, '0', '0'),
(1668, 4766, 2, '0', '0'),
(1669, 4767, 2, '0', '0'),
(1670, 4768, 2, '0', '0'),
(1671, 4769, 2, '0', '0'),
(1672, 4770, 2, '0', '0'),
(1673, 4771, 2, '0', '0'),
(1674, 4772, 2, '0', '0'),
(1675, 4773, 2, '0', '0'),
(1676, 4774, 2, '0', '0'),
(1677, 4775, 2, '0', '0'),
(1678, 4776, 2, '0', '0'),
(1679, 4777, 2, '0', '0'),
(1680, 4778, 2, '0', '0'),
(1681, 4779, 2, '0', '0'),
(1682, 4780, 2, '0', '0'),
(1683, 4781, 2, '0', '0'),
(1684, 4782, 2, '0', '0'),
(1685, 4783, 2, '0', '0'),
(1686, 4784, 2, '0', '0'),
(1687, 4785, 2, '0', '0'),
(1688, 4786, 2, '0', '0'),
(1689, 4787, 2, '0', '0'),
(1690, 4788, 2, '0', '0'),
(1691, 4789, 2, '0', '0'),
(1692, 4790, 2, '0', '0'),
(1693, 4791, 2, '0', '0'),
(1694, 4792, 2, '0', '0'),
(1695, 4793, 2, '0', '0'),
(1696, 4794, 2, '0', '0'),
(1697, 4795, 2, '0', '0'),
(1698, 4796, 2, '0', '0'),
(1699, 4797, 2, '0', '0'),
(1700, 4798, 2, '0', '0'),
(1701, 4799, 2, '0', '0'),
(1702, 4800, 2, '0', '0'),
(1703, 4801, 2, '0', '0'),
(1704, 4802, 2, '0', '0'),
(1705, 4803, 2, '0', '0'),
(1706, 4804, 2, '0', '0'),
(1707, 4805, 2, '0', '0'),
(1708, 4806, 2, '0', '0'),
(1709, 4807, 2, '0', '0'),
(1710, 4808, 2, '0', '0'),
(1711, 4809, 2, '0', '0'),
(1712, 4810, 2, '0', '0'),
(1713, 4811, 2, '0', '0'),
(1714, 4812, 2, '0', '0'),
(1715, 4813, 2, '0', '0'),
(1716, 4814, 2, '0', '0'),
(1717, 4815, 2, '0', '0'),
(1718, 4816, 2, '0', '0'),
(1719, 4817, 2, '0', '0'),
(1720, 4818, 2, '0', '0'),
(1721, 4819, 2, '0', '0'),
(1722, 4820, 2, '0', '0'),
(1723, 4821, 2, '0', '0'),
(1724, 4822, 2, '0', '0'),
(1725, 4823, 2, '0', '0'),
(1726, 4824, 2, '0', '0'),
(1727, 4825, 2, '0', '0'),
(1728, 4826, 2, '0', '0'),
(1729, 4827, 2, '0', '0'),
(1730, 4828, 2, '0', '0'),
(1731, 4829, 2, '0', '0'),
(1732, 4830, 2, '0', '0'),
(1733, 4831, 2, '0', '0'),
(1734, 4832, 2, '0', '0'),
(1735, 4833, 2, '0', '0'),
(1736, 4834, 2, '0', '0'),
(1737, 4835, 2, '0', '0'),
(1738, 4836, 2, '0', '0'),
(1739, 4837, 2, '0', '0'),
(1740, 4838, 2, '0', '0'),
(1741, 4839, 2, '0', '0'),
(1742, 4840, 2, '0', '0'),
(1743, 4841, 2, '0', '0'),
(1744, 4842, 2, '0', '0'),
(1745, 4843, 2, '0', '0'),
(1746, 4844, 2, '0', '0'),
(1747, 4845, 2, '0', '0'),
(1748, 4846, 2, '0', '0'),
(1749, 4847, 2, '0', '0'),
(1750, 4848, 2, '0', '0'),
(1751, 4849, 2, '0', '0'),
(1752, 4850, 2, '0', '0'),
(1753, 4851, 2, '0', '0'),
(1754, 4852, 2, '0', '0'),
(1755, 4853, 2, '0', '0'),
(1756, 4854, 2, '0', '0'),
(1757, 4855, 2, '0', '0'),
(1758, 4856, 2, '0', '0'),
(1759, 4857, 2, '0', '0'),
(1760, 4858, 2, '0', '0'),
(1761, 4859, 2, '0', '0'),
(1762, 4860, 2, '0', '0'),
(1763, 4861, 2, '0', '0'),
(1764, 4862, 2, '0', '0'),
(1765, 4863, 2, '0', '0'),
(1766, 4864, 2, '0', '0'),
(1767, 4865, 2, '0', '0'),
(1768, 4866, 2, '0', '0'),
(1769, 4867, 2, '0', '0'),
(1770, 4868, 2, '0', '0'),
(1771, 4869, 2, '0', '0'),
(1772, 4870, 2, '0', '0'),
(1773, 4871, 2, '0', '0'),
(1774, 4872, 2, '0', '0'),
(1775, 4873, 2, '0', '0'),
(1776, 4874, 2, '0', '0'),
(1777, 4875, 2, '0', '0'),
(1778, 4876, 2, '0', '0'),
(1779, 4877, 2, '0', '0'),
(1780, 4878, 2, '0', '0'),
(1781, 4879, 2, '0', '0'),
(1782, 4880, 2, '0', '0'),
(1783, 4881, 2, '0', '0'),
(1784, 4882, 2, '0', '0'),
(1785, 4883, 2, '0', '0'),
(1786, 4884, 2, '0', '0'),
(1787, 4885, 2, '0', '0'),
(1788, 4886, 2, '0', '0'),
(1789, 4887, 2, '0', '0'),
(1790, 4888, 2, '0', '0'),
(1791, 4889, 2, '0', '0');

-- --------------------------------------------------------

--
-- Estructura de tabla para la tabla `lineas`
--

CREATE TABLE `lineas` (
  `id` int(11) NOT NULL,
  `nombre` varchar(100) COLLATE utf8_spanish_ci DEFAULT NULL,
  `id_empresa` int(11) NOT NULL
) ENGINE=InnoDB DEFAULT CHARSET=utf8 COLLATE=utf8_spanish_ci;

--
-- Volcado de datos para la tabla `lineas`
--

INSERT INTO `lineas` (`id`, `nombre`, `id_empresa`) VALUES
(12, 'Producccion', 2);

-- --------------------------------------------------------

--
-- Estructura de tabla para la tabla `linea_producto`
--

CREATE TABLE `linea_producto` (
  `id` int(11) NOT NULL,
  `id_linea` int(11) DEFAULT NULL,
  `id_producto` int(11) DEFAULT NULL
) ENGINE=InnoDB DEFAULT CHARSET=utf8 COLLATE=utf8_spanish_ci;

--
-- Volcado de datos para la tabla `linea_producto`
--

INSERT INTO `linea_producto` (`id`, `id_linea`, `id_producto`) VALUES
(33, 12, 3),
(34, 12, 6);

-- --------------------------------------------------------

--
-- Estructura de tabla para la tabla `maquinas`
--

CREATE TABLE `maquinas` (
  `id_maquinas` int(11) NOT NULL,
  `empresas_id_empresa` int(11) NOT NULL,
  `nombre` varchar(255) CHARACTER SET utf8 COLLATE utf8_bin NOT NULL,
  `precio` bigint(45) NOT NULL,
  `years_depreciation` int(11) NOT NULL,
  `residual_value` bigint(20) NOT NULL,
  `depreciacion_minuto` double NOT NULL
) ENGINE=InnoDB DEFAULT CHARSET=utf8 COLLATE=utf8_spanish_ci;

--
-- Volcado de datos para la tabla `maquinas`
--

INSERT INTO `maquinas` (`id_maquinas`, `empresas_id_empresa`, `nombre`, `precio`, `years_depreciation`, `residual_value`, `depreciacion_minuto`) VALUES
(2, 1, 'MAQUINA DE APERTURA', 10000000, 5, 0, 15.782828282828),
(3, 1, 'MAQUINA DE CORTE', 1200000, 5, 0, 1.8939393939394),
(4, 1, 'MAQUINA DE LLENADO', 80000000, 5, 0, 126.26262626263),
(5, 1, 'MAQUINA DE CERRADO', 800000, 5, 0, 1.2626262626263),
(6, 1, 'SELLADORA', 1200000, 5, 0, 1.8939393939394);

-- --------------------------------------------------------

--
-- Estructura de tabla para la tabla `materiales`
--

CREATE TABLE `materiales` (
  `id_materiales` int(11) NOT NULL,
  `empresas_id_empresa` int(11) NOT NULL,
  `descripcion` varchar(255) CHARACTER SET utf8 COLLATE utf8_bin NOT NULL,
  `unidad` varchar(45) CHARACTER SET utf8 COLLATE utf8_bin NOT NULL,
  `costo` double NOT NULL
) ENGINE=InnoDB DEFAULT CHARSET=utf8 COLLATE=utf8_spanish_ci;

--
-- Volcado de datos para la tabla `materiales`
--

INSERT INTO `materiales` (`id_materiales`, `empresas_id_empresa`, `descripcion`, `unidad`, `costo`) VALUES
(14, 2, 'as', 'unidad', 12),
(15, 2, '1212', 'gramos', 134),
(16, 1, 'fibra  relleno', 'gramos', 5000),
(17, 1, 'Interlon forro', 'metros', 500),
(18, 1, 'Tela forro', 'metros', 5000),
(19, 1, 'Cremallera', 'metros', 4000),
(20, 1, 'Deslizador', 'unidades', 3500),
(21, 1, 'tela  para bandas', 'metros', 2300),
(22, 1, 'Marquilla', 'unidades', 4700),
(23, 1, 'Bolsa individual', 'unidades', 1500),
(24, 1, 'caucho', 'metros', 4300),
(25, 1, 'etiqueta', 'unidades', 2100),
(26, 1, 'bolsa empaque', 'unidades', 900),
(27, 1, 'embone', 'metros', 500),
(28, 1, 'guata para acolchados', 'metros', 250),
(29, 3, 'fibra  relleno', 'gramos', 5000),
(30, 3, 'Interlon forro', 'metros', 500),
(31, 3, 'Tela forro', 'metros', 5000),
(32, 3, 'Cremallera', 'metros', 4000),
(33, 3, 'Deslizador', 'unidades', 3500),
(34, 3, 'tela  para bandas', 'metros', 2300),
(35, 3, 'Marquilla', 'unidades', 4700),
(36, 3, 'Bolsa individual', 'unidades', 1500),
(37, 3, 'caucho', 'metros', 4300),
(38, 3, 'etiqueta', 'unidades', 2100),
(39, 3, 'bolsa empaque', 'unidades', 900),
(40, 3, 'embone', 'metros', 500),
(41, 3, 'guata para acolchados', 'metros', 250),
(46, 2, 'dfghj', 'k', 0),
(50, 2, 'fibra  relleno', 'gramos', 3000),
(51, 2, 'Bolsa individual', 'unidades', 1500),
(52, 2, 'bolsa empaque', 'unidades', 900),
(53, 2, 'mezcla normal 3cm', 'Kg', 30637.34),
(54, 2, 'mezcla normal 3,6cm', 'Kg', 42504.68),
(55, 2, 'mezcla normal 4,5cm', 'Kg', 42664.33),
(56, 2, 'corcho de 3cm', 'Kg', 41874.8),
(57, 2, 'corcho de 4cm', 'Kg', 43523.068888889),
(58, 2, 'corcho de 5cm', 'Kg', 35538.7525),
(59, 2, 'corcho mango', 'Kg', 5304.14),
(60, 2, 'boton madera natural o negro + servicio maquilado', 'unidades', 592.86),
(61, 2, 'ganchera plastica', 'unidades', 182),
(62, 2, 'mezcla si00x  4,7cm', 'Kg', 22435.018181818),
(63, 2, 'mezcla si00x 4cm', 'Kg', 13952.6),
(64, 2, 'mezcla normal 3cm -1321', 'Kg', 52073.362424242),
(65, 2, 'mezcla normal 3,6cm 1020-021', 'Kg', 52073.36),
(66, 2, 'mezcla blanca 4,7cm', 'Kg', 52955.89),
(67, 2, 'mezcla blanca x 3cm', 'Kg', 71343.677916667),
(68, 2, 'mezcla jabaly 4,5cm negra', 'Kg', 71343.68),
(69, 2, 'mezcla jabaly 4,5cm mona', 'Kg', 89012.8),
(70, 2, 'mezcla blanca 3.8cm', 'Kg', 50301.47),
(71, 2, 'mezcla normal 3cm -8346 y 7101', 'Kg', 22435.02),
(72, 2, 'nylon 080 blanco', 'Kg', 30512.37),
(73, 2, 'nylon 070 blanco', 'Kg', 12479),
(74, 2, 'nylon 040 negro', 'Kg', 17943.7),
(75, 2, 'nylon 050 negro', 'Kg', 17943.7),
(76, 2, 'nylon 060 negro', 'Kg', 14314.85),
(77, 2, 'nylon 070 negro', 'Kg', 12479),
(78, 2, 'nylon 080 negro', 'Kg', 12479),
(79, 2, 'mango de espuma negro', 'Kg', 837.22),
(80, 2, 'mango de espuma verde', 'Kg', 956.89),
(81, 2, 'mango de espuma beige', 'Kg', 1130.2745),
(82, 2, 'mango espiral negro', 'Kg', 535),
(83, 2, 'mango cuadrado negro', 'Kg', 330),
(84, 2, 'anillo abs blomer', 'Kg', 360),
(85, 2, 'remache ciego 3/32\" x 1/4 aluminio', 'Kg', 14),
(86, 2, 'tubo electra 1', 'Kg', 3707.57),
(87, 2, 'tubo electra 2', 'Kg', 4037.94),
(88, 2, 'tubo electra 3', 'Kg', 4845.53),
(89, 2, 'tubo electra 4', 'Kg', 6056.92),
(90, 2, 'perillo vara largo 3m x cuadrante 2,5cm', 'Kg', 3529.4117647059),
(91, 2, 'perillo vara largo 3m x cuadrante 3cm', 'Kg', 4200),
(92, 2, 'perillo vara largo 3m x cuadrante 3,5cm', 'Kg', 8571.4285714286),
(93, 2, 'perillo vara largo 3m x cuadrante 4cm', 'Kg', 8571.4285714286),
(94, 2, 'perillo vara largo 3m x cuadrante 4,5cm', 'Kg', 8571.4285714286),
(95, 2, 'perillo vara largo 3m x cuadrante 5cm', 'Kg', 8571.4285714286),
(96, 2, 'perillo vara largo 3m x cuadrante 5,5cm', 'Kg', 10800),
(97, 2, 'urapan vara largo 3m x 2cm', 'Kg', 1806.4516129032),
(98, 2, 'urapan vara largo 3m x 2,5cm', 'Kg', 3294.1176470588),
(99, 2, 'urapan vara largo 3m x 3cm', 'Kg', 3920),
(100, 2, 'urapan vara largo 3m x3,5cm', 'Kg', 8000),
(101, 2, 'urapan vara largo 3m x4cm', 'Kg', 8000),
(102, 2, 'urapan vara largo 3m x4,5cm', 'Kg', 8000),
(103, 2, 'urapan vara largo 3m x5cm', 'Kg', 10080),
(104, 2, 'urapan vara largo 3m x6,5cm', 'Kg', 12600),
(105, 2, 'sellador nitro philaac 45% solidos', 'Kg', 221646),
(106, 2, 'pegante peg 20 08', 'KG', 9916),
(107, 2, 'tinta wengue', 'Kg', 58824),
(108, 2, 'tinta caramelo', 'Kg', 722689),
(109, 2, 'thinner acrilico', 'Litros', 14500),
(110, 2, 'base negra', 'Kg', 56000),
(111, 2, 'pintura dorada', 'Kg', 62000),
(112, 2, 'pintura verde oscuro', 'Kg', 56000),
(113, 2, 'pintura verde claro', 'Kg', 172605),
(114, 2, 'base gris', 'Kg', 7000),
(115, 2, 'alambre calibre 14', 'Kg', 5600),
(116, 2, 'alambre galvanizado 25', 'Kg', 297);

-- --------------------------------------------------------

--
-- Estructura de tabla para la tabla `materiales_has_productos`
--

CREATE TABLE `materiales_has_productos` (
  `materiales_has_productos_id` int(11) NOT NULL,
  `materiales_id_materiales` int(11) NOT NULL,
  `materiales_empresas_id_empresa` int(11) NOT NULL,
  `productos_id_producto` int(11) NOT NULL,
  `cantidad` float DEFAULT NULL
) ENGINE=InnoDB DEFAULT CHARSET=utf8 COLLATE=utf8_spanish_ci;

--
-- Volcado de datos para la tabla `materiales_has_productos`
--

INSERT INTO `materiales_has_productos` (`materiales_has_productos_id`, `materiales_id_materiales`, `materiales_empresas_id_empresa`, `productos_id_producto`, `cantidad`) VALUES
(1, 14, 2, 1, 0),
(2, 15, 2, 1, 1.6555),
(10, 29, 3, 2245, 10),
(11, 36, 3, 2245, 1),
(12, 39, 3, 2245, 1),
(13, 16, 1, 424, 10),
(14, 23, 1, 424, 1),
(15, 26, 1, 424, 1),
(16, 46, 2, 1, 0),
(17, 50, 2, 4296, 1),
(18, 51, 2, 4296, 1),
(19, 52, 2, 4296, 1),
(20, 53, 2, 4296, 0.5),
(21, 60, 2, 4296, 0.08),
(22, 61, 2, 4296, 0.0004),
(23, 50, 2, 4297, 1),
(24, 51, 2, 4297, 1),
(25, 59, 2, 4297, 0.09),
(26, 109, 2, 4297, 0.003),
(27, 60, 2, 4889, 1),
(28, 61, 2, 4889, 1),
(29, 82, 2, 4889, 1),
(30, 84, 2, 4889, 2),
(31, 106, 2, 4889, 0.00003),
(32, 109, 2, 4889, 0.00007941),
(33, 105, 2, 4889, 0.00007941),
(34, 116, 2, 4889, 0.000625),
(35, 102, 2, 4889, 7),
(36, 72, 2, 4889, 0.00685),
(37, 53, 2, 4889, 0.02325);

-- --------------------------------------------------------

--
-- Estructura de tabla para la tabla `nominas`
--

CREATE TABLE `nominas` (
  `id_nominas` int(11) NOT NULL,
  `empresas_id_empresa` int(11) NOT NULL,
  `cargo` varchar(255) CHARACTER SET latin1 NOT NULL,
  `procesos_id_procesos` int(11) NOT NULL,
  `n_empleados` int(11) NOT NULL,
  `salario` bigint(20) NOT NULL,
  `horas_extra` bigint(20) NOT NULL,
  `bonificacion` bigint(20) NOT NULL,
  `dotacion` bigint(20) NOT NULL,
  `dias_trabajo_mes` int(11) NOT NULL,
  `horas_dia` int(11) NOT NULL,
  `factor_prestacional` decimal(11,0) NOT NULL,
  `salario_neto` bigint(20) NOT NULL,
  `contrato` enum('nomina','servicios') CHARACTER SET latin1 NOT NULL
) ENGINE=InnoDB DEFAULT CHARSET=utf8 COLLATE=utf8_spanish_ci;

--
-- Volcado de datos para la tabla `nominas`
--

INSERT INTO `nominas` (`id_nominas`, `empresas_id_empresa`, `cargo`, `procesos_id_procesos`, `n_empleados`, `salario`, `horas_extra`, `bonificacion`, `dotacion`, `dias_trabajo_mes`, `horas_dia`, `factor_prestacional`, `salario_neto`, `contrato`) VALUES
(1, 2, 'cargo 1', 1, 1, 925198, 0, 0, 200000, 22, 8, '38', 1476773, 'nomina'),
(2, 2, 'operador 1', 2, 1, 925148, 0, 0, 0, 22, 8, '38', 1276704, 'nomina'),
(4, 1, 'operario I', 4, 1, 971850, 0, 0, 0, 24, 8, '50', 1457775, 'nomina'),
(5, 1, 'operario II', 6, 1, 878116, 0, 0, 0, 24, 8, '50', 1317174, 'nomina'),
(7, 2, 'op 1', 13, 2, 800000, 0, 40000, 40000, 30, 8, '38', 1184000, 'nomina'),
(14, 2, '11', 3, 1, 1022034, 0, 0, 0, 22, 8, '38', 1410407, 'nomina');

-- --------------------------------------------------------

--
-- Estructura de tabla para la tabla `procesos`
--

CREATE TABLE `procesos` (
  `id_procesos` int(11) NOT NULL,
  `nombre` varchar(255) CHARACTER SET latin1 NOT NULL,
  `empresas_id_empresa` int(11) NOT NULL
) ENGINE=InnoDB DEFAULT CHARSET=utf8 COLLATE=utf8_spanish_ci;

--
-- Volcado de datos para la tabla `procesos`
--

INSERT INTO `procesos` (`id_procesos`, `nombre`, `empresas_id_empresa`) VALUES
(4, 'apertura', 1),
(5, 'corte', 1),
(3, 'corte', 2),
(14, 'engrasar', 2),
(2, 'hola 1', 2),
(13, 'listar ', 2),
(1, 'llenado', 2),
(6, 'relleno', 1);

-- --------------------------------------------------------

--
-- Estructura de tabla para la tabla `productos`
--

CREATE TABLE `productos` (
  `id_producto` int(11) NOT NULL,
  `empresas_id_empresa` int(11) NOT NULL,
  `ref` varchar(255) CHARACTER SET utf8 COLLATE utf8_bin NOT NULL,
  `nombre` varchar(255) CHARACTER SET utf8 COLLATE utf8_bin NOT NULL,
  `linea_id` int(11) DEFAULT NULL
) ENGINE=InnoDB DEFAULT CHARSET=utf8 COLLATE=utf8_spanish_ci;

--
-- Volcado de datos para la tabla `productos`
--

INSERT INTO `productos` (`id_producto`, `empresas_id_empresa`, `ref`, `nombre`, `linea_id`) VALUES
(1, 2, 'r-1', 'kadu', NULL),
(3, 2, 'r-2', 'kadu-1', NULL),
(6, 2, 'r-3', 'kadu-2', NULL),
(7, 1, '21025', 'ACOLCHADO CRETONA INFANTIL EN ESPUMA', NULL),
(8, 1, '21042', 'ACOLCHADO CRETONA SERIA EN 2 ESPUMAS   ', NULL),
(9, 1, '21053', 'ACOLCHADO CRETONA SERIA EN 2 GUATAS', NULL),
(10, 1, '21024', 'ACOLCHADO CRETONA SERIA EN ESPUMA', NULL),
(11, 1, '21026', 'ACOLCHADO CRETONA SERIA EN GUATA', NULL),
(12, 1, '21001', 'ACOLCHADO DACRON BLANCO', NULL),
(13, 1, '21002', 'ACOLCHADO DACRON UNICOLOR', NULL),
(14, 1, '21045', 'ACOLCHADO DOBLE FAZ SERIO GARANTIZADO   ', NULL),
(15, 1, '21018', 'ACOLCHADO GARANTIZADO GENERO INFANTIL EN ESPUMA', NULL),
(16, 1, '21017', 'ACOLCHADO GARANTIZADO GENERO SERIO EN ESPUMA', NULL),
(17, 1, '21015', 'ACOLCHADO GARANTIZADO GENERO SERIO EN GUATA', NULL),
(18, 1, '21005', 'ACOLCHADO GENERO BLANCO DE 240', NULL),
(19, 1, '21040', 'ACOLCHADO GENERO EMBOSADO BLANCO   ', NULL),
(20, 1, '21041', 'ACOLCHADO GENERO EMBOSADO UNICOLOR   ', NULL),
(21, 1, '21007', 'ACOLCHADO GENERO UNICOLOR DE 240', NULL),
(22, 1, '21030', 'ACOLCHADO JACKAR DE PUNTO A 1 ESPUMAS', NULL),
(23, 1, '21031', 'ACOLCHADO JACKAR DE PUNTO A 2 ESPUMAS', NULL),
(24, 1, '21032', 'ACOLCHADO JACKAR DE PUNTO A 3 ESPUMAS', NULL),
(25, 1, '21029', 'ACOLCHADO JACKAR UNICOLOR A 2 ESPUMAS   ', NULL),
(26, 1, '21012', 'ACOLCHADO NO GARANTIZADO GENERO INFANTIL EN ESPUMA', NULL),
(27, 1, '21009', 'ACOLCHADO NO GARANTIZADO GENERO SERIO EN GUATA', NULL),
(28, 1, '201042', 'ACOLCHADO ULTRASONIDO BLANCO   ', NULL),
(29, 1, '21038', 'ACOLCHADO ULTRASONIDO DOBLE FAZ BLANCO   ', NULL),
(30, 1, '21051', 'ACOLCHADO ULTRASONIDO DOBLE FAZ EMBOSADO UNICOLOR   ', NULL),
(31, 1, '21050', 'ACOLCHADO ULTRASONIDO DOBLE FAZ EST/EMB   ', NULL),
(32, 1, '201043', 'ACOLCHADO ULTRASONIDO ESTAMPADO   ', NULL),
(33, 1, '21055', 'ACOLCHADO ULTRASONIDO UNIFAZ EMBOSADO BLANCO   ', NULL),
(34, 1, '21052', 'ACOLCHADO ULTRASONIDO UNIFAZ EMBOSADO UNICOLOR   ', NULL),
(35, 1, '190701', 'ALMOHADA 100X50 BLANCA   ', NULL),
(36, 1, '190101', 'ALMOHADA 25X35 BLANCA', NULL),
(37, 1, '190104', 'ALMOHADA 30X45 BLANCA   ', NULL),
(38, 1, '190204', 'ALMOHADA 60X40  ESTAMPADA ANGELICAL ', NULL),
(39, 1, '190205', 'ALMOHADA 60X40 ACOLCHADA ESTAMPADA ANGELICAL', NULL),
(40, 1, '190208', 'ALMOHADA 60X40 BLANCA DAYCRON SET X 2', NULL),
(41, 1, '190202', 'ALMOHADA 60X40 BLANCA ANGELICAL SILICONADA   ', NULL),
(42, 1, '190214', 'ALMOHADA 60X40 BLANCA BOLSA TRASPARENTE   ', NULL),
(43, 1, '190201', 'ALMOHADA 60X40 BLANCA CORRIENTE ANGELICAL ', NULL),
(45, 1, '190203', 'ALMOHADA 60X40 UNICOLOR ANGELICAL ', NULL),
(46, 1, '190309', 'ALMOHADA 65X45 BLANCA REALTEX   ', NULL),
(47, 1, '190303', 'ALMOHADA 65X45 BLANCA CASA DOBLE FORRO', NULL),
(48, 1, '190308', 'ALMOHADA 65X45 BLANCA DF REALTEX SILICONADA   ', NULL),
(50, 1, '190307', 'ALMOHADA 65X45 BLANCA REALTEX SILICONADA   ', NULL),
(51, 1, '190306', 'ALMOHADA 65X45 SILICONADA BOLSA TRASPARENTE   ', NULL),
(52, 1, '190302', 'ALMOHADA 65X45 UNICOLOR REALTEX   ', NULL),
(53, 1, '190305', 'ALMOHADA 65X45 UNICOLR ARCOIRIS   ', NULL),
(54, 1, '190441', 'ALMOHADA 70X50 ESTAMPADA FOAM COTTON   ', NULL),
(55, 1, '190429', 'ALMOHADA 70X50 BLANCA ROYAL PILLOW SETX2   ', NULL),
(56, 1, '190421', 'ALMOHADA 70X50 BLANCA STALLOFILTEX SILICONADA   ', NULL),
(57, 1, '190412', 'ALMOHADA 70X50 BLANCA SOFI', NULL),
(58, 1, '190419', 'ALMOHADA 70X50 BLANCA INTERLON   ', NULL),
(59, 1, '190414', 'ALMOHADA 70X50 BLANCA LINDA SOFT ', NULL),
(60, 1, '190403', 'ALMOHADA 70X50 BLANCA MENTA', NULL),
(61, 1, '190422', 'ALMOHADA 70X50 BLANCA MENTAL BOLSA PVC   ', NULL),
(62, 1, '190427', 'ALMOHADA 70X50 BLANCA PLUMA SINTETICA BOLSA PVC   ', NULL),
(64, 1, '190426', 'ALMOHADA 70X50 BLANCA SAMITEX   ', NULL),
(67, 1, '190413', 'ALMOHADA 70X50 BLANCA SETX2 DYCRON ', NULL),
(68, 1, '190411', 'ALMOHADA 70X50 BLANCA SETX2 STALLOFILTEX', NULL),
(71, 1, '190439', 'ALMOHADA 70X50 ESTAMPADA CTE MC SIN BOLSA   ', NULL),
(73, 1, '190410', 'ALMOHADA 75X50 AMERICAN GOLD   ', NULL),
(78, 1, '190503', 'ALMOHADA 75X50 BLANCA SAMYTEX   ', NULL),
(79, 1, '190502', 'ALMOHADA 75X50 CASA   ', NULL),
(80, 1, '190505', 'ALMOHADA 80X50 BLANCA SILICONADA   ', NULL),
(81, 1, '190602', 'ALMOHADA 90X50 BLANCA BOLSA TRASPARENTE   ', NULL),
(82, 1, '190603', 'ALMOHADA 90X50 BLANCA PLUMA   ', NULL),
(83, 1, '190601', 'ALMOHADA 90X50 BLANCA ROYAL PILLOW', NULL),
(84, 1, '10302', 'BICOMPONENTE FH', NULL),
(85, 1, '10301', 'BICOMPONENTE KE   ', NULL),
(86, 1, '40303', 'BOLSA 120X180 CALIBRE 3 (FH) AGUP', NULL),
(87, 1, '40304', 'BOLSA 120X220 CALIBRE 3 (FH) AGUP', NULL),
(88, 1, '40305', 'BOLSA 160X220 CALIBRE 3 (FH)   ', NULL),
(89, 1, '40101', 'BOLSA 60X40 ANGELICAL ', NULL),
(90, 1, '40104', 'BOLSA 60X40 RELAX SWIFT', NULL),
(91, 1, '40115', 'BOLSA 65X45 CASA', NULL),
(92, 1, '40114', 'BOLSA 65X45 REALTEX', NULL),
(93, 1, '40122', 'BOLSA 70X50 FOAM COTTON', NULL),
(94, 1, '40126', 'BOLSA 70X50 LINDA SOFT', NULL),
(95, 1, '40125', 'BOLSA 70X50 MENTA', NULL),
(96, 1, '40127', 'BOLSA 70X50 QUALLOFIL', NULL),
(97, 1, '40128', 'BOLSA 70X50 STALLOFILTEX', NULL),
(98, 1, '40140', 'BOLSA 75X50 AMERICAN GOLD', NULL),
(99, 1, '40132', 'BOLSA 75X50 CASA', NULL),
(100, 1, '40207', 'BOLSA ESTAMPADA FH INTERLON   ', NULL),
(101, 1, '40201', 'BOLSA ESTAMPADA MIL USOS 500 GR AZUL2', NULL),
(102, 1, '40413', 'BOLSA INTERLON FH   ', NULL),
(103, 1, '40406', 'BOLSA PVC ALMOHADA 70X50', NULL),
(104, 1, '40402', 'BOLSA PVC CUBRELECHO', NULL),
(105, 1, '40412', 'BOLSA PVC PROTECTOR GRANDE', NULL),
(106, 1, '40411', 'BOLSA PVC PROTECTOR MEDIANO', NULL),
(107, 1, '40410', 'BOLSA PVC PROTECTOR PEQUENO', NULL),
(108, 1, '40401', 'BOLSA PVC SABANA   ', NULL),
(109, 1, '20501', 'BRIONI NEGRO', NULL),
(110, 1, '50103', 'CANECA POLIMERICO CH', NULL),
(111, 1, '50101', 'CANECA POLIOL CH', NULL),
(112, 1, '50102', 'CANECA POLIOL KR', NULL),
(113, 1, '50105', 'CANECA TDI', NULL),
(114, 1, '50106', 'CANECA VACIA   ', NULL),
(115, 1, '60302', 'CAUCHO POR 100 METROS', NULL),
(116, 1, '60301', 'CAUCHO POR KILO', NULL),
(117, 1, '60405', 'CINTA COLCHON UNICOLOR   ', NULL),
(118, 1, '60402', 'CINTA DE COLCHON BLANCA', NULL),
(119, 1, '60401', 'CINTA DE COLCHON CAFÉ', NULL),
(120, 1, '260102', 'COBIJA COBISUEÑO PROMOCION   ', NULL),
(121, 1, '260201', 'COBIJA DOBLE BAHAMA', NULL),
(122, 1, '260202', 'COBIJA DOBLE CAMIRTEX', NULL),
(123, 1, '260101', 'COBIJA VIAJERA  ESTAMPADA PROMOCION ', NULL),
(124, 1, '260103', 'COBIJA VIAJERA PIEL DE PIÑA   ', NULL),
(125, 1, '200101', 'COJIN 40X40 CORRIENTE  INTERLON   ', NULL),
(126, 1, '200209', 'COJIN 40X40 CORRIENTE COBIJA ', NULL),
(127, 1, '200203', 'COJIN 40X40 CORRIENTE ESTAMPADO  ', NULL),
(128, 1, '200207', 'COJIN 40X40 CORRIENTE NAVIDENO', NULL),
(129, 1, '200204', 'COJIN 40X40 SILICONADO ESTAMPADO', NULL),
(130, 1, '200214', 'COJIN 40X40 SILICONADO INTERLON   ', NULL),
(131, 1, '200208', 'COJIN 40X40 SILICONADO NAVIDENO ', NULL),
(132, 1, '200404', 'COJIN 40X40X30 TV BLANCO SILICONADO   ', NULL),
(133, 1, '200111', 'COJIN 42X45 SILICONADO INTERLON   ', NULL),
(134, 1, '200103', 'COJIN 45X45 CORRIENTE  INTERLON', NULL),
(135, 1, '200302', 'COJIN 45X45 CORRIENTE BENNETON ', NULL),
(136, 1, '200308', 'COJIN 45X45 CORRIENTE NAVIDENO', NULL),
(137, 1, '200306', 'COJIN 45X45 CORRIENTE YACKAR', NULL),
(138, 1, '200314', 'COJIN 45X45 CUEROTEX INTERLON   ', NULL),
(139, 1, '200312', 'COJIN 45X45 ESTAMPADO EN CUEROTEX  CREMALLERA   ', NULL),
(140, 1, '200301', 'COJIN 45X45 SILICONADO BENNETON', NULL),
(141, 1, '200309', 'COJIN 45X45 SILICONADO COBIJA ', NULL),
(142, 1, '200303', 'COJIN 45X45 SILICONADO ESTAMPADO  ', NULL),
(143, 1, '200104', 'COJIN 45X45 SILICONADO INTERLON', NULL),
(144, 1, '200503', 'COJIN 45X45X35 TV  ESTAMPADO', NULL),
(145, 1, '200105', 'COJIN 47X47 CORRIENTE INTERLON', NULL),
(146, 1, '200315', 'COJIN 47X47 CUEROTEX INTERLON   ', NULL),
(147, 1, '200106', 'COJIN 47X47 SILICONADO INTERLON', NULL),
(148, 1, '200113', 'COJIN 50X30 SILICONADO INTERLON   ', NULL),
(149, 1, '200211', 'COJIN 50X35  SILICONADO INTERLON   ', NULL),
(150, 1, '200107', 'COJIN 50X50 CORRIENTE INTERLON', NULL),
(151, 1, '200108', 'COJIN 50X50 SILICONADO INTERLON', NULL),
(152, 1, '200115', 'COJIN 50X50 SILICONADO INTERLON   ', NULL),
(153, 1, '200112', 'COJIN 60X60 SILICONADO INTERLON   ', NULL),
(154, 1, '290105', 'COLCHON 100X190   ', NULL),
(155, 1, '290106', 'COLCHON 120X190   ', NULL),
(156, 1, '290107', 'COLCHON 140X190   ', NULL),
(157, 1, '270102', 'CORTINA TIPO GALLETA   ', NULL),
(158, 1, '270101', 'CORTINA YACKAR J.R   ', NULL),
(159, 1, '70101', 'CREMALLERA BLANCA # 3   ', NULL),
(160, 1, '70111', 'CREMALLERA BLANCA # 5   ', NULL),
(161, 1, '70102', 'CREMALLERA BLANCA # 7   ', NULL),
(162, 1, '20703', 'CRETONA INFANTIL FH 210 CM   ', NULL),
(163, 1, '20702', 'CRETONA SERIA FH 210 CM   ', NULL),
(164, 1, '20704', 'CRETONA SERIA KG 210 CM   ', NULL),
(165, 1, '20701', 'CRETONA SERIA PT 210 CM   ', NULL),
(166, 1, '20705', 'CRETONA SERIA TS 240 CM   ', NULL),
(167, 1, '250215', 'CUBRELECHO COBIJA DOBLE TS   ', NULL),
(168, 1, '250208', 'CUBRELECHO DOBLE BLANCO ACOLCHADO ULTRASONIDO   ', NULL),
(169, 1, '250209', 'CUBRELECHO DOBLE BLANCO UNIFAZ ULTRASONIDO   ', NULL),
(170, 1, '250217', 'CUBRELECHO DOBLE COBIJA DOBLE FAZ   ', NULL),
(171, 1, '250205', 'CUBRELECHO DOBLE EQUIPOS   ', NULL),
(172, 1, '250207', 'CUBRELECHO DOBLE ESTAMPADO  ULTRASONIDO   ', NULL),
(173, 1, '250210', 'CUBRELECHO DOBLE ESTAMPADO INFANTIL   ', NULL),
(174, 1, '250214', 'CUBRELECHO DOBLE ESTAMPADO ULTRASONIDO CON EMBONE', NULL),
(175, 1, '250212', 'CUBRELECHO DOBLE INFANTIL PROMOCION   ', NULL),
(176, 1, '250203', 'CUBRELECHO DOBLE JACKARD   ', NULL),
(177, 1, '250206', 'CUBRELECHO DOBLE LONA   ', NULL),
(178, 1, '250216', 'CUBRELECHO DOBLE OVEJERO ESTAMPADO   ', NULL),
(179, 1, '250211', 'CUBRELECHO DOBLE PROMOCION   ', NULL),
(180, 1, '250201', 'CUBRELECHO DOBLE SERIO ESTAMPADO   ', NULL),
(181, 1, '250204', 'CUBRELECHO DOBLE SERIO ESTAMPADO + SABANA   ', NULL),
(182, 1, '250213', 'CUBRELECHO DOBLE UNICOLOR ACOLCHADO ULTRASONIDO   ', NULL),
(183, 1, '250401', 'CUBRELECHO KING SERIO ESTAMPADO   ', NULL),
(184, 1, '250502', 'CUBRELECHO PLUMON DOBLE', NULL),
(185, 1, '250306', 'CUBRELECHO QUEEN ULTRASONIDO UNICOLOR   ', NULL),
(186, 1, '250604', 'CUBRELECHO SEMIDOBLE ESTAMPADO ULTRASONIDO CON EMBONE   ', NULL),
(187, 1, '250113', 'CUBRELECHO SEMIDOBLE ULTRASONIDO UNICOLOR   ', NULL),
(188, 1, '250107', 'CUBRELECHO SENCILLO BLANCO ULTRASONIDO   ', NULL),
(189, 1, '250105', 'CUBRELECHO SENCILLO EQUIPO   ', NULL),
(190, 1, '250108', 'CUBRELECHO SENCILLO ESTAMPADO ULTRASONIDO   ', NULL),
(191, 1, '250112', 'CUBRELECHO SENCILLO ESTAMPADO ULTRASONIDO CON EMBONE', NULL),
(192, 1, '250114', 'CUBRELECHO SENCILLO INFALTIL + SABANA   ', NULL),
(193, 1, '250103', 'CUBRELECHO SENCILLO INFANTIL COBIJA', NULL),
(194, 1, '250102', 'CUBRELECHO SENCILLO INFANTIL ESTAMPADO', NULL),
(195, 1, '250110', 'CUBRELECHO SENCILLO PROMOCION   ', NULL),
(196, 1, '250101', 'CUBRELECHO SENCILLO SERIO ESTAMPADO', NULL),
(197, 1, '250111', 'CUBRELECHO SENCILLO UNICOLOR ACOLCHADO ULTRASONIDO   ', NULL),
(198, 1, '20101', 'DACRON BLANCO LISO', NULL),
(199, 1, '70211', 'DESLIZADOR BLANCO # 5   ', NULL),
(200, 1, '70201', 'DESLIZADOR NIQUELADO # 3   ', NULL),
(201, 1, '70212', 'DESLIZADOR NIQUELADO # 5   ', NULL),
(202, 1, '70202', 'DESLIZADOR NIQUELADO # 7   ', NULL),
(203, 1, '50206', 'ESPUMA CONTINUA 9MM', NULL),
(204, 1, '80208', 'ETIQUETA PROTECTOR DE SAMITEX', NULL),
(205, 1, '80202', 'ETIQUETA SABANA LA ADMIRABLE', NULL),
(206, 1, '80201', 'ETIQUETA SABANA LA PODEROSA', NULL),
(207, 1, '180307', 'FORRO 40X40 COJIN CUEROTEX   ', NULL),
(208, 1, '180102', 'FORRO 40X40 COJIN INTERLON   ', NULL),
(209, 1, '180301', 'FORRO 45X45 COJIN BENNETON', NULL),
(210, 1, '180104', 'FORRO 47X47 COJIN INTERLON', NULL),
(211, 1, '180105', 'FORRO 50X50 COJIN INTERLON', NULL),
(212, 1, '160506', 'FORRO 70X50 ACOLCHADO ', NULL),
(213, 1, '160501', 'FORRO 70X50 INTERLON', NULL),
(214, 1, '160410', 'FORRO POR KILOS   ', NULL),
(215, 1, '160419', 'FORRO SERVILLETA   ', NULL),
(216, 1, '170902', 'FUNDA 45X45 ESTAMPADA  CUEROTEX   ', NULL),
(217, 1, '170901', 'FUNDA 45X45 NAVIDEÑA   ', NULL),
(218, 1, '170501', 'FUNDA 70X50 BLANCA', NULL),
(219, 1, '170503', 'FUNDA 70X50 ESTAMPADA   ', NULL),
(220, 1, '170502', 'FUNDA 70X50 UNICOLOR', NULL),
(221, 1, '310500', 'GUARNICION FH   ', NULL),
(222, 1, '20905', 'GUATA 100 X 160   ', NULL),
(223, 1, '20928', 'GUATA 100 X 200X40   ', NULL),
(224, 1, '20907', 'GUATA 100 X 250 X 50 MTS   ', NULL),
(225, 1, '20908', 'GUATA 120 X 160   ', NULL),
(226, 1, '20909', 'GUATA 120 X 210-220 X 40   ', NULL),
(227, 1, '20910', 'GUATA 120 X 245 X 40   ', NULL),
(228, 1, '20915', 'GUATA 160 X 245   ', NULL),
(229, 1, '20916', 'GUATA 160X220X30   ', NULL),
(230, 1, '20919', 'GUATA 180 X 165   ', NULL),
(231, 1, '20920', 'GUATA 180 X 245   ', NULL),
(232, 1, '20921', 'GUATA 200 X 210   ', NULL),
(233, 1, '20931', 'GUATA 300 X245X24 MTR   ', NULL),
(234, 1, '20901', 'GUATA 80 X 165 X 66   ', NULL),
(235, 1, '20923', 'GUATA 80 X 215 X 70   ', NULL),
(236, 1, '20902', 'GUATA 80 X 245 X 60   ', NULL),
(237, 1, '60108', 'HILAZA  DOS CABOS   ', NULL),
(238, 1, '60109', 'HILAZA TRES CABOS   ', NULL),
(239, 1, '60104', 'HILO ACOLCHADORA   ', NULL),
(240, 1, '60101', 'HILO BLANCO  50 (5000 YDS)   ', NULL),
(241, 1, '60102', 'HILO BLANCO  75 (5000 YDS)   ', NULL),
(242, 1, '60103', 'HILO BLANCO 120 (10000 YDS)   ', NULL),
(243, 1, '60105', 'HILO COCON   ', NULL),
(244, 1, '60106', 'HILO COLORES 120(1000 YARDAS)   ', NULL),
(245, 1, '10902', 'HUECA 10 KL ABIERTA', NULL),
(246, 1, '10903', 'HUECA 5  KL ABIERTA   ', NULL),
(247, 1, '10901', 'HUECA 500 GR ABIERTA', NULL),
(248, 1, '10211', 'HUECA PACA 15 X   FH EHW   ', NULL),
(249, 1, '10210', 'HUECA PACA 15 X 64  EK RC 1A   ', NULL),
(250, 1, '10216', 'HUECA PACA 15 X 64 FH   ', NULL),
(251, 1, '10209', 'HUECA PACA 15X64 EKFF   ', NULL),
(252, 1, '11102', 'HUGGIS 15 KL ABIERTO   ', NULL),
(253, 1, '420000', 'INTERLON AZUL OSCURO 60GRX160 FH   ', NULL),
(254, 1, '520000', 'INTERLON BEIGE 60GRX160 FH   ', NULL),
(255, 1, '400284', 'INTERLON BLANCO 100GR X 210 FH   ', NULL),
(256, 1, '400152', 'INTERLON BLANCO 100GR X 80 FH   ', NULL),
(257, 1, '400157', 'INTERLON BLANCO 13GR X 150 FH   ', NULL),
(258, 1, '400181', 'INTERLON BLANCO 13GR X 160 FH   ', NULL),
(259, 1, '400249', 'INTERLON BLANCO 13GR X 210 FH', NULL),
(260, 1, '400250', 'INTERLON BLANCO 13GR X 210 PL', NULL),
(261, 1, '400251', 'INTERLON BLANCO 17GR X 210-230 FH   ', NULL),
(262, 1, '400328', 'INTERLON BLANCO 27 X 52-  60 CM   ', NULL),
(263, 1, '400189', 'INTERLON BLANCO 27GR X 160 FH   ', NULL),
(264, 1, '400291', 'INTERLON BLANCO 27GR X 240 FH', NULL),
(265, 1, '400292', 'INTERLON BLANCO 27GR X 240 PL', NULL),
(266, 1, '400324', 'INTERLON BLANCO 27GR X 260 FH   ', NULL),
(267, 1, '400193', 'INTERLON BLANCO 30GR X 160 FH   ', NULL),
(268, 1, '400194', 'INTERLON BLANCO 30GR X 160 PL   ', NULL),
(269, 1, '400222', 'INTERLON BLANCO 30GR X 200 FH', NULL),
(270, 1, '400264', 'INTERLON BLANCO 30GR X 210 - 220 FH   ', NULL),
(271, 1, '400298', 'INTERLON BLANCO 30GR X 240 PL   ', NULL),
(272, 1, '400327', 'INTERLON BLANCO 30GR X 260 PL   ', NULL),
(273, 1, '400191', 'INTERLON BLANCO 30GR X 60  FH   ', NULL),
(274, 1, '400192', 'INTERLON BLANCO 40GR X 160 FH   ', NULL),
(275, 1, '400269', 'INTERLON BLANCO 40GR X 210-215 FH   ', NULL),
(276, 1, '400303', 'INTERLON BLANCO 40GR X 240 FH', NULL),
(277, 1, '400142', 'INTERLON BLANCO 50 GRS X 160 FH   ', NULL),
(278, 1, '400153', 'INTERLON BLANCO 50GR X 110 FH   ', NULL),
(279, 1, '400286', 'INTERLON BLANCO 50GR X 210 FH   ', NULL),
(280, 1, '400195', 'INTERLON BLANCO 70GR X 160  FH   ', NULL),
(281, 1, '400232', 'INTERLON BLANCO 70GR X 200 FH', NULL),
(282, 1, '400233', 'INTERLON BLANCO 70GR X 200 PL', NULL),
(283, 1, '400274', 'INTERLON BLANCO 70GR X 210- 220 FH   ', NULL),
(284, 1, '400275', 'INTERLON BLANCO 70GR X 210 PL', NULL),
(285, 1, '400237', 'INTERLON BLANCO 90GR X 200 FH', NULL),
(286, 1, '400279', 'INTERLON BLANCO 90GR X 210 FH', NULL),
(287, 1, '500002', 'INTERLON COLORES 70 GRS X 160   ', NULL),
(288, 1, '500000', 'INTERLON FUCSIA 60GRX160 FH   ', NULL),
(289, 1, '490000', 'INTERLON GRIS 60GRX160 FH   ', NULL),
(290, 1, '570000', 'INTERLON HUESO 60GRS X 160 FH   ', NULL),
(291, 1, '510000', 'INTERLON LILA 60GRX160 FH   ', NULL),
(292, 1, '530000', 'INTERLON MORADO 60GRX160 FH   ', NULL),
(293, 1, '480000', 'INTERLON NARANJA 60GRX160 FH   ', NULL),
(294, 1, '410064', 'INTERLON NEGRO 100GR X 160 FH', NULL),
(295, 1, '410041', 'INTERLON NEGRO 50GR X 160 FH', NULL),
(296, 1, '410050', 'INTERLON NEGRO 60 CM X 240 CM   ', NULL),
(297, 1, '410026', 'INTERLON NEGRO 60GR X 0.80 FH   ', NULL),
(298, 1, '410047', 'INTERLON NEGRO 60GR X 160 FH', NULL),
(299, 1, '410014', 'INTERLON NEGRO 70 GRS X 160   ', NULL),
(300, 1, '410005', 'INTERLON NEGRO 70GR X 0.16 FH   ', NULL),
(301, 1, '410028', 'INTERLON NEGRO 70GR X 115 FH   ', NULL),
(302, 1, '410029', 'INTERLON NEGRO 70GR X 125 FH   ', NULL),
(303, 1, '410053', 'INTERLON NEGRO 70GR X 160 FH   ', NULL),
(304, 1, '410075', 'INTERLON NEGRO 70GR X 200 FH', NULL),
(305, 1, '410076', 'INTERLON NEGRO 70GR X 200 PL   ', NULL),
(306, 1, '410094', 'INTERLON NEGRO 70GR X 210 FH', NULL),
(307, 1, '410095', 'INTERLON NEGRO 70GR X 210 PL', NULL),
(308, 1, '410113', 'INTERLON NEGRO 70GR X 240 FH', NULL),
(309, 1, '410027', 'INTERLON NEGRO 70GR X 80 FH', NULL),
(310, 1, '410081', 'INTERLON NEGRO 90GR X 200 FH', NULL),
(311, 1, '410100', 'INTERLON NEGRO 90GR X 210 FH', NULL),
(312, 1, '60107', 'LIBRE   ', NULL),
(313, 1, '40500', 'LIBRE   ', NULL),
(314, 1, '20108', 'LIBRE   ', NULL),
(315, 1, '310103', 'MAQUINA CORTADORA DE POLITEX   ', NULL),
(316, 1, '11305', 'MEZCLA DE MILCOLOR + CRESPO 15   ', NULL),
(317, 1, '11302', 'MEZCLA HUECA FH + TEXTURIZADO=CONSUMO ALMOHADAS   ', NULL),
(318, 1, '11306', 'MEZCLA TEXTURIZADOB+ SILICONADO VD   ', NULL),
(319, 1, '11101', 'MILCOLOR 15 KL ABIERTO ', NULL),
(320, 1, '10402', 'MILCOLOR PACA', NULL),
(321, 1, '30401', 'PLASTICO PRECORTADO NEGRO 52X72 CALIBRE 2 (KR)', NULL),
(322, 1, '30402', 'PLASTICO PRECORTADO NEGRO 80X150 CALIBRE 3 (LM)   ', NULL),
(323, 1, '30403', 'PLASTICO PRECORTADO NEGRO 80X240 CALIBRE 4 (LM)   ', NULL),
(324, 1, '30612', 'PLASTICO PRECORTADO ORG 150 X 220CALIBRE 4   ', NULL),
(325, 1, '30604', 'PLASTICO PRECORTADO ORG 50X72 CALIBRE 2 (FH-CLN)   ', NULL),
(326, 1, '30609', 'PLASTICO PRECORTADO ORG 88 X 132 X CALIBRE 4   ', NULL),
(327, 1, '30518', 'PLASTICO PRECORTE 100X140 CALIBRE 3 AGUAP   ', NULL),
(328, 1, '30509', 'PLASTICO PRECORTE 120X150 CALIBRE 3 AGUAP   ', NULL),
(329, 1, '30510', 'PLASTICO PRECORTE 120X220 CALIBRE 3 AGUAP (FH-UR)   ', NULL),
(330, 1, '30511', 'PLASTICO PRECORTE 160X220 CALIBRE 4 AGUAP (YR)   ', NULL),
(331, 1, '30514', 'PLASTICO PRECORTE 80X100 CALIBRE 3 AGUAP (YR)   ', NULL),
(332, 1, '30508', 'PLASTICO PRECORTE 97X165 CALIBRE 3 AGUAP (FH-UR)   ', NULL),
(333, 1, '30205', 'PLASTICO TUBULAR AGUAPANELO DE 120 CM ANCHO CALIBRE 3 (VTA)', NULL),
(334, 1, '30207', 'PLASTICO TUBULAR AGUAPANELO DE 160 CM ANCHO CALIBRE 3 (FH)   ', NULL),
(335, 1, '30209', 'PLASTICO TUBULAR AGUAPANELO DE 200 CM ANCHO CALIBRE 3.5 (TS)   ', NULL),
(336, 1, '10701', 'PLUMAS PACA DE GANZO', NULL),
(337, 1, '210802', 'PROTECTOR 100X190 BANDA 25  IMPERMEABLE', NULL),
(338, 1, '210210', 'PROTECTOR 100X190 BANDA 25 BLANCO ULTRASONIDO   ', NULL),
(339, 1, '210204', 'PROTECTOR 100X190 BANDA 25 GENERO BLANCA', NULL),
(340, 1, '210504', 'PROTECTOR 100X190 BANDA 25 GENERO UNICOLOR', NULL),
(341, 1, '210304', 'PROTECTOR 100X190 BANDA 35 GENERO BLANCA', NULL),
(342, 1, '210803', 'PROTECTOR 120X190 BANDA 25  IMPERMEABLE', NULL),
(343, 1, '210211', 'PROTECTOR 120X190 BANDA 25 BLANCO ULTRASONIDO   ', NULL),
(344, 1, '210206', 'PROTECTOR 120X190 BANDA 25 GENERO BLANCA', NULL),
(345, 1, '210506', 'PROTECTOR 120X190 BANDA 25 GENERO UNICOLOR', NULL),
(346, 1, '212002', 'PROTECTOR 120X190 BANDA 25 IMPERMEABLE ESTAMPADO   ', NULL),
(347, 1, '210306', 'PROTECTOR 120X190 BANDA 35 GENERO BLANCA', NULL),
(348, 1, '210606', 'PROTECTOR 120X190 BANDA 35 GENERO UNICOLOR', NULL),
(349, 1, '210208', 'PROTECTOR 140X190 BANDA 25 GENERO BLANCA', NULL),
(350, 1, '210508', 'PROTECTOR 140X190 BANDA 25 GENERO UNICOLOR', NULL),
(351, 1, '212003', 'PROTECTOR 140X190 BANDA 25 IMPERMEABLE ESTAMPADO   ', NULL),
(352, 1, '210904', 'PROTECTOR 140X190 BANDA 35  IMPERMEABLE', NULL),
(353, 1, '210308', 'PROTECTOR 140X190 BANDA 35 GENERO BLANCA', NULL),
(354, 1, '210311', 'PROTECTOR 140X190 BANDA 35 GENERO BLANCO ULTRASONIDO   ', NULL),
(355, 1, '210608', 'PROTECTOR 140X190 BANDA 35 GENERO UNICOLOR', NULL),
(356, 1, '213003', 'PROTECTOR 140X190 BANDA 35 IMPERMEABLE ESTAMPADO   ', NULL),
(357, 1, '211004', 'PROTECTOR 140X190 BANDA 45  IMPERMEABLE', NULL),
(358, 1, '210309', 'PROTECTOR 160X190 BANDA 35 GENERO BLANCA', NULL),
(359, 1, '210609', 'PROTECTOR 160X190 BANDA 35 GENERO UNICOLOR', NULL),
(360, 1, '210905', 'PROTECTOR 160X190 BANDA 35 IMPERMEABLE', NULL),
(361, 1, '210409', 'PROTECTOR 160X190 BANDA 45 GENERO BLANCA', NULL),
(362, 1, '210709', 'PROTECTOR 160X190 BANDA 45 GENERO UNICOLOR', NULL),
(363, 1, '211005', 'PROTECTOR 160X190 BANDA 45 IMPERMEABLE', NULL),
(364, 1, '210310', 'PROTECTOR 200X200 BANDA 35 GENERO BLANCA', NULL),
(365, 1, '210410', 'PROTECTOR 200X200 BANDA 45 GENERO BLANCA', NULL),
(366, 1, '211006', 'PROTECTOR 200X200 BANDA 45 IMPERMEABLE', NULL),
(367, 1, '210101', 'PROTECTOR 70X50 ALMOHADA BLANCA', NULL),
(368, 1, '210103', 'PROTECTOR 70X50 ALMOHADA ESTAMPADA   ', NULL),
(369, 1, '210806', 'PROTECTOR 70X50 ALMOHADA IMPER   ', NULL),
(370, 1, '210102', 'PROTECTOR 70X50 ALMOHADA UNICOLOR', NULL),
(371, 1, '210202', 'PROTECTOR 90X190 BANDA 25 GENERO BLANCA', NULL),
(372, 1, '11217', 'RETAL DE CARTON   ', NULL),
(373, 1, '11201', 'RETAL DE ESPUMA', NULL),
(374, 1, '11205', 'RETAL DE GUATA ROLLO', NULL),
(375, 1, '11209', 'RETAL DE PLASTICO', NULL),
(376, 1, '11206', 'RETAL DE SABANA CUADROS', NULL),
(377, 1, '11207', 'RETAL DE START ', NULL),
(378, 1, '11204', 'RETAL DE TELA ACOLCHADA CON GUATA', NULL),
(379, 1, '11203', 'RETAL DE TELA ACOLCHADA ESPUMA', NULL),
(380, 1, '11210', 'RETAL ESPUMA PICADO CON TELA   ', NULL),
(381, 1, '11211', 'RETAL PELUCHE   ', NULL),
(382, 1, '220301', 'SABANA DE EQUIPO  JUE  ', NULL),
(383, 1, '240706', 'SABANA DOBLE AJUSTABLE   ', NULL),
(384, 1, '220102', 'SABANA DOBLE DE 25 BLANCA', NULL),
(385, 1, '220205', 'SABANA DOBLE DE 25 BLANCA CON EMBONE   ', NULL),
(386, 1, '240705', 'SABANA DOBLE DE 25 ESTAMPADA   ', NULL),
(387, 1, '240707', 'SABANA DOBLE DE 25 ESTAMPADA INF   ', NULL),
(388, 1, '240402', 'SABANA DOBLE DE 25 UNICOLOR CON CORDON   ', NULL),
(389, 1, '240403', 'SABANA DOBLE DE 25 UNICOLOR GENERO   ', NULL),
(390, 1, '220202', 'SABANA DOBLE DE 35 BLANCA', NULL),
(391, 1, '240802', 'SABANA DOBLE DE 35 ESTAMPADA', NULL),
(392, 1, '240502', 'SABANA DOBLE DE 35 UNICOLOR', NULL),
(393, 1, '220204', 'SABANA KING DE 35 BLANCA', NULL),
(394, 1, '240804', 'SABANA KING DE 35 ESTAMPADA', NULL),
(395, 1, '240504', 'SABANA KING DE 35 UNICOLOR', NULL),
(396, 1, '240304', 'SABANA KING DE 45 BLANCA', NULL),
(397, 1, '240904', 'SABANA KING DE 45 ESTAMPADA', NULL),
(398, 1, '240604', 'SABANA KING DE 45 UNICOLOR', NULL),
(399, 1, '220203', 'SABANA QUEEN DE 35 BLANCA', NULL),
(400, 1, '240803', 'SABANA QUEEN DE 35 ESTAMPADA', NULL),
(401, 1, '240503', 'SABANA QUEEN DE 35 UNICOLOR', NULL),
(402, 1, '240303', 'SABANA QUEEN DE 45 BLANCA', NULL),
(403, 1, '240903', 'SABANA QUEEN DE 45 ESTAMPADA', NULL),
(404, 1, '240603', 'SABANA QUEEN DE 45 UNICOLOR', NULL),
(405, 1, '220103', 'SABANA SEMIDOBLE DE 25 BLANCA   ', NULL),
(406, 1, '240704', 'SABANA SEMIDOBLE DE 25 ESTAMPADA   ', NULL),
(407, 1, '240901', 'SABANA SENCILLA  45 ESTAMPADA', NULL),
(408, 1, '220101', 'SABANA SENCILLA DE 25 BLANCA   ', NULL),
(409, 1, '240701', 'SABANA SENCILLA DE 25 ESTAMPADA', NULL),
(410, 1, '240702', 'SABANA SENCILLA DE 25 ESTAMPADA INF   ', NULL),
(411, 1, '240401', 'SABANA SENCILLA DE 25 UNICOLOR', NULL),
(412, 1, '220108', 'SABANAS 80X190 INTERLON   ', NULL),
(413, 1, '20408', 'SEDA POLIESTER AZUL OSCURA   ', NULL),
(414, 1, '20407', 'SEDA POLIESTER NEGRA   ', NULL),
(415, 1, '20402', 'SEDA POLIESTER VERDE CALI', NULL),
(416, 1, '280102', 'SERVICIO  TRANSPORTE PRESTADO POR FH   ', NULL),
(417, 1, '280101', 'SERVICIO ACOLCHADO  PRESTADO POR FH   ', NULL),
(418, 1, '280109', 'SERVICIO DE CORTE PRESTADO POR FH   ', NULL),
(419, 1, '280105', 'SERVICIO DE PICADORA   ', NULL),
(420, 1, '280103', 'SERVICIO DEAPERTURA  PRESTADO POR FH   ', NULL),
(421, 1, '60601', 'SESGO UNICOLOR 4.8 CM   ', NULL),
(422, 1, '10811', 'SILICONADO 10 KL ABIERTO   ', NULL),
(423, 1, '10806', 'SILICONADO 10 KL CHINO ABIERTO', NULL),
(424, 1, '10808', 'SILICONADO 10 KL CRESPO ABIERTO   ', NULL),
(425, 1, '10809', 'SILICONADO 10 KL FIBERBALL ABIERTO', NULL),
(426, 1, '10805', 'SILICONADO 10 KL NACIONAL ABIERTO', NULL),
(427, 1, '10812', 'SILICONADO 10 KL VERDE ABIERTO   ', NULL),
(428, 1, '10803', 'SILICONADO 1000 GR  NACIONAL  ABIERTO   ', NULL),
(429, 1, '10804', 'SILICONADO 5 KL  NACIONAL ABIERTO', NULL),
(430, 1, '10802', 'SILICONADO 500 GR NACIONAL ABIERTO', NULL),
(431, 1, '10110', 'SILICONADO PACA   ', NULL),
(432, 1, '10104', 'SILICONADO PACA  FH PLUMA   ', NULL),
(433, 1, '10111', 'SILICONADO PACA 10 X 64 FH', NULL),
(434, 1, '10129', 'SILICONADO PACA 12X32 KE   ', NULL),
(435, 1, '10113', 'SILICONADO PACA 12X64 KE   ', NULL),
(436, 1, '10117', 'SILICONADO PACA 15 X 32 KEC   ', NULL),
(437, 1, '10118', 'SILICONADO PACA 15 X 64 FH', NULL),
(438, 1, '10131', 'SILICONADO PACA 15X32 FH   ', NULL),
(439, 1, '10122', 'SILICONADO PACA 15X64 KEC   ', NULL),
(440, 1, '10125', 'SILICONADO PACA 18X64 EK   ', NULL),
(441, 1, '10106', 'SILICONADO PACA 6.6X32 KE', NULL),
(442, 1, '10127', 'SILICONADO PACA 7.7X32 KE   ', NULL),
(443, 1, '10128', 'SILICONADO PACA 7.7X64 KE   ', NULL),
(444, 1, '10108', 'SILICONADO PACA 7X64 FH   ', NULL),
(445, 1, '10130', 'SILICONADO PACA 9X64 SL   ', NULL),
(446, 1, '20502', 'TAFETA DE COLORES   ', NULL),
(447, 1, '20503', 'TAFETA NEGRA   ', NULL),
(448, 1, '21101', 'TELA DOWN PROFF FH', NULL),
(449, 1, '20602', 'TELA FLEACE INFANTIL', NULL),
(450, 1, '20601', 'TELA FLEACE SERIO', NULL),
(451, 1, '20201', 'TELA GENERO 2.40 BLANCA JC GARANTIZADA   ', NULL),
(452, 1, '20203', 'TELA GENERO 2.40 BLANCA JN   ', NULL),
(453, 1, '20221', 'TELA GENERO 2.40 EMBOSADA BLANCA JN   ', NULL),
(454, 1, '20220', 'TELA GENERO 2.40 EMBOSADA BLANCA LM   ', NULL),
(455, 1, '20219', 'TELA GENERO 2.40 EMBOSADA BLANCA TS   ', NULL),
(456, 1, '20227', 'TELA GENERO 2.40 EMBOSADA UNICOLOR LM   ', NULL),
(457, 1, '20226', 'TELA GENERO 2.40 EMBOSADA UNICOLOR TS   ', NULL),
(458, 1, '20263', 'TELA GENERO 2.40 GARANTIZADA EQUIPOS TS   ', NULL),
(459, 1, '20254', 'TELA GENERO 2.40 GARANTIZADA INFANTIL ESTAMP FH   ', NULL),
(460, 1, '20255', 'TELA GENERO 2.40 GARANTIZADA INFANTIL ESTAMP JC   ', NULL),
(461, 1, '20256', 'TELA GENERO 2.40 GARANTIZADA INFANTIL ESTAMP LM   ', NULL),
(462, 1, '20259', 'TELA GENERO 2.40 GARANTIZADA INFANTIL ESTAMP TS   ', NULL),
(463, 1, '20262', 'TELA GENERO 2.40 GARANTIZADA NAVIDENO ESTAMP TS   ', NULL),
(464, 1, '20247', 'TELA GENERO 2.40 GARANTIZADA SERIO ESTAMP FH   ', NULL),
(465, 1, '20250', 'TELA GENERO 2.40 GARANTIZADA SERIO ESTAMP JN   ', NULL),
(466, 1, '20249', 'TELA GENERO 2.40 GARANTIZADA SERIO ESTAMP LM   ', NULL),
(467, 1, '20252', 'TELA GENERO 2.40 GARANTIZADA SERIO ESTAMP TS   ', NULL),
(468, 1, '20244', 'TELA GENERO 2.40 NO GARANTIZADA INFANTIL ESTAMP JN   ', NULL),
(469, 1, '20243', 'TELA GENERO 2.40 NO GARANTIZADA INFANTIL ESTAMP LM   ', NULL),
(470, 1, '20267', 'TELA GENERO 2.40 NO GARANTIZADA SERIA FH   ', NULL),
(471, 1, '20238', 'TELA GENERO 2.40 NO GARANTIZADA SERIO ESTAMP JN   ', NULL),
(472, 1, '20237', 'TELA GENERO 2.40 NO GARANTIZADA SERIO ESTAMP LM   ', NULL),
(473, 1, '20207', 'TELA GENERO 2.40 UNICOLOR JC', NULL),
(474, 1, '20223', 'TELA GENERO 2.50 EMBOSADA BLANCA LM   ', NULL),
(475, 1, '20222', 'TELA GENERO 2.50 EMBOSADA BLANCA TS   ', NULL),
(476, 1, '20231', 'TELA GENERO 2.50 EMBOSADA UNICOLOR TS   ', NULL),
(477, 1, '20268', 'TELA GENERO 250  EMBOSADO  FH   ', NULL),
(478, 1, '20265', 'TELA GENERO BLANCO 2.40    FH   ', NULL),
(479, 1, '20801', 'TELA JACKAR 220 DE PUNTO BLANCA PTP', NULL),
(480, 1, '20266', 'TELA POR KILOS LF   ', NULL),
(481, 1, '20301', 'TELA TERRY BLANCA FH', NULL),
(482, 1, '20304', 'TELA TIPO CUERINA ESTAMPADA', NULL),
(483, 1, '20305', 'TELA TIPO CUERINA UNICOLOR', NULL),
(484, 1, '20803', 'TELA YACKAR UNICOLOR   ', NULL),
(485, 1, '300101', 'TERMOZINCHA FH   ', NULL),
(486, 1, '11001', 'TEXTURIZADO 15 KL ABIERTO', NULL),
(487, 1, '10604', 'TN PCA 3.3X64 CS FIBRA PLUMA   ', NULL),
(488, 1, '290201', 'TOALLAS   ', NULL),
(489, 1, '500108', ' SERVICIO DE CONFECCION SET COMPLETO CAMA ; REF BELLANOT   ', NULL),
(490, 1, '21027', 'ACOLCHADO CRETONA INFANTIL EN GUATA', NULL),
(491, 1, '21054', 'ACOLCHADO JACKAR DE PUNTO ULTRASONIDO   ', NULL),
(492, 1, '190103', 'ALMOHADA 25X35 ETSMPADA', NULL),
(493, 1, '190200', 'ALMOHADA 30X45 ESTAMPADA   ', NULL),
(494, 1, '190207', 'ALMOHADA 60X40 ESTAMPADA  RELAX SWIFT SETX2', NULL),
(495, 1, '190210', 'ALMOHADA 60X45 BLANCA AMBIENTA', NULL),
(496, 1, '190408', 'ALMOHADA 70X50  BLANCA STALLOFILTEX CTE   ', NULL),
(497, 1, '190443', 'ALMOHADA 70X50 BLANCA ACOLCHADA TIPO FIRME   ', NULL),
(498, 1, '190444', 'ALMOHADA 70X50 BLANCA SAMITEX   ', NULL),
(499, 1, '190428', 'ALMOHADA 70X50 BLANCA FOAM COTTON SILICONADA   ', NULL),
(500, 1, '190420', 'ALMOHADA 70X50 BLANCA MICA SETX2   ', NULL),
(502, 1, '190430', 'ALMOHADA 70X50 ESTAMPADA SIN BOLSA MC   ', NULL),
(503, 1, '190440', 'ALMOHADA 70X50 UNICOLOR DF SILICONADA   ', NULL),
(504, 1, '190409', 'ALMOHADA 70X50 UNICOLOR STALLOFILTEX ', NULL),
(505, 1, '190606', 'ALMOHADA 90X50 ACOLCHADA TIPO SUAVE   ', NULL),
(506, 1, '190605', 'ALMOHADA 90X50 BLANCA ACOLCHADA TIPO FIRME   ', NULL),
(507, 1, '190442', 'ALMOHADA BLANCA 70X50 PRIMAFLEX   ', NULL),
(508, 1, '320003', 'ARRENDAMIENTO BODEGA  PATIO OBRAS   ', NULL),
(509, 1, '320006', 'ARRENDAMIENTO DE BODEGA   ', NULL),
(510, 1, '320002', 'ARRENDAMIETO BODEGA PEREIRA  GENERAL   ', NULL),
(511, 1, '320007', 'ARRENDIENTO LOCAL   ', NULL),
(512, 1, '90107', 'BOINAS PARA ACOLCHADORA   ', NULL),
(513, 1, '50104', 'CANECA POLIMERICO KR', NULL),
(514, 1, '50107', 'CANECA TDI  IMP.   ', NULL),
(515, 1, '310104', 'CARGADOR   ', NULL),
(516, 1, '200402', 'COJIN 40X40X30 TV BENNETON', NULL),
(517, 1, '200405', 'COJIN 40X40X30 TV BENNETON SILICONADO   ', NULL),
(518, 1, '200109', 'COJIN 65X65 SILICONADO INTERLON   ', NULL),
(519, 1, '200603', 'COJIN 75X75 INTERLON   ', NULL),
(520, 1, '200116', 'COJIN 80X80 SILICONADO INTERLON   ', NULL),
(521, 1, '200406', 'COJIN TV 40X40X30 ACOLCHADO + ALMOHADA 60X40 ACOLCHADA   ', NULL),
(522, 1, '120101', 'CORTE 35X35 COJIN INTERLON', NULL),
(523, 1, '140101', 'CORTE SABANA SENCILLA DE 25 BLANCA', NULL),
(524, 1, '250301', 'CUBRELECHO QUEEN  SERIO ESTAMPADO   ', NULL),
(525, 1, '20110', 'DACRON LISO UNICOLOR   ', NULL),
(526, 1, '50213', 'ESPUMA EVA 6 MM   ', NULL),
(527, 1, '170703', 'FUNDA DE COLCHONETA 2.30X1.32   ', NULL),
(528, 1, '20929', 'GUATA 120 X 245 VERDE AZUL   ', NULL),
(529, 1, '20932', 'GUATA 200X 160  SILICONADA   ', NULL),
(530, 1, '20927', 'GUATA 250 X 250 SILICONADA   ', NULL),
(531, 1, '20930', 'GUATA 350 X 250 ILICONADA   ', NULL),
(532, 1, '10401', 'HUGGIS VERDE-AZUL PACA   ', NULL),
(533, 1, '320004', 'INTERESES MORATORIOS   ', NULL),
(534, 1, '460000', 'INTERLON AMARILLO 60GRX160 FH   ', NULL),
(535, 1, '590000', 'INTERLON AZUL CLARO 60GRS X 160 FH   ', NULL),
(536, 1, '430000', 'INTERLON AZUL REY 60GRX160 FH   ', NULL),
(537, 1, '540000', 'INTERLON AZUL TURQUEZA 60GRX160 FH   ', NULL),
(538, 1, '400321', 'INTERLON BLANCO 100GR X 240 FH', NULL),
(539, 1, '400207', 'INTERLON BLANCO 13GR X 200 FH', NULL),
(540, 1, '400325', 'INTERLON BLANCO 27GR X 260 PL   ', NULL),
(541, 1, '400114', 'INTERLON BLANCO 70GR X 0.15-016 CM   ', NULL),
(542, 1, '400323', 'INTERLON BLANCO 80GR X 240 PL   ', NULL),
(543, 1, '400197', 'INTERLON BLANCO 90GR X 160 FH   ', NULL),
(544, 1, '400238', 'INTERLON BLANCO 90GR X 200 PL', NULL),
(545, 1, '400280', 'INTERLON BLANCO 90GR X 210 PL', NULL),
(546, 1, '400315', 'INTERLON BLANCO 90GR X 240 FH', NULL),
(547, 1, '400316', 'INTERLON BLANCO 90GR X 240 PL', NULL),
(548, 1, '400149', 'INTERLON BLANCO 90GRS X 110 CM   ', NULL),
(549, 1, '410069', 'INTERLON NEGRO 50GR X 200 FH', NULL),
(550, 1, '410048', 'INTERLON NEGRO 60GR X 160 PL', NULL),
(551, 1, '410010', 'INTERLON NEGRO 70GR X 0.40 FH   ', NULL),
(552, 1, '410059', 'INTERLON NEGRO 90GR X 160 FH', NULL),
(553, 1, '410082', 'INTERLON NEGRO 90GR X 200 PL', NULL),
(554, 1, '410120', 'INTERLON NEGRO 90GR X 240 PL', NULL),
(555, 1, '470000', 'INTERLON ROJO 60GRX160 FH   ', NULL),
(556, 1, '550000', 'INTERLON ROSADO 60GRX160 FH   ', NULL),
(557, 1, '440000', 'INTERLON VERDE CALI 60GRX160 FH   ', NULL),
(558, 1, '450000', 'INTERLON VERDE MANZANA 60GRX160 FH   ', NULL),
(559, 1, '560000', 'INTERLON VERDE MENTA 60GRX160 FH   ', NULL),
(560, 1, '101302', 'LIBRE   ', NULL),
(561, 1, '410039', 'MAQUINA  EMPACADORA AL VACIO 2', NULL),
(562, 1, '310101', 'MAQUINA  EMPACADORA AL VACIO   ', NULL),
(563, 1, '30705', 'PELETIZADO - POLIPROPILENO NEGRO   ', NULL),
(564, 1, '30704', 'PELETIZADO - POLIPROPILENO TRANSPARENTE   ', NULL),
(565, 1, '30517', 'PLASTICO PRECORTE 100X150 CALIBRE 3 AGUAP (FH)   ', NULL),
(566, 1, '30512', 'PLASTICO PRECORTE 100X155 CALIBRE 3  AGUAP (QM)   ', NULL),
(567, 1, '30519', 'PLASTICO PRECORTE 75X100 CALIBRE 3.5 AGUAP ( PHTX)   ', NULL),
(568, 1, '30504', 'PLASTICO PRECORTE 80X106 CALIBRE 3.5 AGUAP (PHTX)   ', NULL),
(569, 1, '30515', 'PLASTICO PRECORTE 86X130 CALIBRE 3.5 AGUAP ( PHTX)   ', NULL),
(570, 1, '30208', 'PLASTICO TUBULAR AGUAPANELO DE 100 CM ANCHO CALIBRE 3.5 (SM)   ', NULL),
(571, 1, '30204', 'PLASTICO TUBULAR AGUAPANELO DE 97 CM ANCHO CALIBRE 3 (VTA)', NULL),
(572, 1, '290103', 'PLUMON DOBLE   ', NULL),
(573, 1, '290108', 'PLUMON KING   ', NULL),
(574, 1, '290104', 'PLUMON QUENN   ', NULL),
(575, 1, '290102', 'PLUMON SEMIDOBLE   ', NULL),
(576, 1, '290101', 'PLUMON SENCILLO   ', NULL),
(577, 1, '210203', 'PROTECTOR 100X190 BANDA 25 DACRON BLANCA', NULL),
(578, 1, '210902', 'PROTECTOR 100X190 BANDA 35  IMPERMEABLE', NULL),
(579, 1, '214100', 'PROTECTOR 100X19O BANDA 45 CM INTERLON   ', NULL),
(580, 1, '210205', 'PROTECTOR 120X190 BANDA 25 DACRON BLANCA', NULL),
(581, 1, '214101', 'PROTECTOR 120X19O BANDA 45 CM INTERLON   ', NULL),
(582, 1, '210207', 'PROTECTOR 140X190 BANDA 25 DACRON BLANCA', NULL),
(583, 1, '210307', 'PROTECTOR 140X190 BANDA 35 DACRON BLANCA', NULL),
(584, 1, '214102', 'PROTECTOR 140X19O BANDA 45 CM INTERLON   ', NULL),
(585, 1, '210315', 'PROTECTOR 160X190 BANDA 35 BLANCO ULTRASONIDO   ', NULL),
(586, 1, '210415', 'PROTECTOR 160X190 BANDA 45 BLANCO ULTRASONIDO   ', NULL),
(587, 1, '214103', 'PROTECTOR 160X19O BANDA 45 CM INTERLON   ', NULL),
(588, 1, '210416', 'PROTECTOR 200X200 BANDA 45 BLANCO ULTRASONIDO   ', NULL),
(589, 1, '214104', 'PROTECTOR 200X20O BANDA 45 CM INTERLON   ', NULL),
(590, 1, '60406', 'SENSORES  DE ACOLCHADORA   ', NULL),
(591, 1, '500107', 'SERVICIO DE ACOLCHADO DE TELA REF: ROYAL   ', NULL),
(592, 1, '500106', 'SERVICIO DE ACOLCHADO TELA : REF: ALLEGRO   ', NULL),
(593, 1, '500105', 'SERVICIO DE ACOLCHADO TELA REF: SOFFI   ', NULL),
(594, 1, '500110', 'SERVICIO DE CONFECCION  PUFF PERA:REF:  TRAFFIC   ', NULL),
(595, 1, '500103', 'SERVICIO DE CONFECCION  Y EMPAQUE   ', NULL),
(596, 1, '280107', 'SERVICIO DE CONFECCION DE CUBRELECHO   ', NULL),
(597, 1, '500111', 'SERVICIO DE CONFECCION DE JUEGO SABANAS SENCILLA REF FIORENZA   ', NULL),
(598, 1, '280108', 'SERVICIO DE LLENADO   ', NULL),
(599, 1, '500109', 'SERVICIO DE TOQUELADO   ', NULL),
(600, 1, '280104', 'SERVICIOS GENERALES   ', NULL),
(601, 1, '10813', 'SILICONADO 10 KL TIPO PLUMA ABIERTO   ', NULL),
(602, 1, '10801', 'SILICONADO 300 GR NACIONAL ABIERTO', NULL),
(603, 1, '10124', 'SILICONADO PACA 15 X 32MM   ', NULL),
(604, 1, '10109', 'SILICONADO PACA 7X32 KE   ', NULL),
(605, 1, '20302', 'TELA DEMIN   ', NULL),
(606, 1, '20236', 'TELA GENERO 2.40 NO GARANTIZADA SERIO ESTAMP JC   ', NULL),
(607, 1, '20264', 'TELA GENERO 240 EMBOSADA FC   ', NULL),
(608, 1, '20802', 'TELA JACKAR 220 DE PUNTO BEIGE PTP', NULL),
(609, 1, '20303', 'TELA NAUTICA   ', NULL),
(610, 1, '20269', 'TELA POR KILOS LF POLIESTER SEMI IMPERMEABLE   ', NULL),
(611, 1, '10603', 'TN PACA RP   ', NULL),
(612, 1, '10605', 'TN PCA 2.5 TELARANA   ', NULL),
(1828, 3, '21025', 'ACOLCHADO CRETONA INFANTIL EN ESPUMA', NULL),
(1829, 3, '21042', 'ACOLCHADO CRETONA SERIA EN 2 ESPUMAS   ', NULL),
(1830, 3, '21053', 'ACOLCHADO CRETONA SERIA EN 2 GUATAS', NULL),
(1831, 3, '21024', 'ACOLCHADO CRETONA SERIA EN ESPUMA', NULL),
(1832, 3, '21026', 'ACOLCHADO CRETONA SERIA EN GUATA', NULL),
(1833, 3, '21001', 'ACOLCHADO DACRON BLANCO', NULL),
(1834, 3, '21002', 'ACOLCHADO DACRON UNICOLOR', NULL),
(1835, 3, '21045', 'ACOLCHADO DOBLE FAZ SERIO GARANTIZADO   ', NULL),
(1836, 3, '21018', 'ACOLCHADO GARANTIZADO GENERO INFANTIL EN ESPUMA', NULL),
(1837, 3, '21017', 'ACOLCHADO GARANTIZADO GENERO SERIO EN ESPUMA', NULL),
(1838, 3, '21015', 'ACOLCHADO GARANTIZADO GENERO SERIO EN GUATA', NULL),
(1839, 3, '21005', 'ACOLCHADO GENERO BLANCO DE 240', NULL),
(1840, 3, '21040', 'ACOLCHADO GENERO EMBOSADO BLANCO   ', NULL),
(1841, 3, '21041', 'ACOLCHADO GENERO EMBOSADO UNICOLOR   ', NULL),
(1842, 3, '21007', 'ACOLCHADO GENERO UNICOLOR DE 240', NULL),
(1843, 3, '21030', 'ACOLCHADO JACKAR DE PUNTO A 1 ESPUMAS', NULL),
(1844, 3, '21031', 'ACOLCHADO JACKAR DE PUNTO A 2 ESPUMAS', NULL),
(1845, 3, '21032', 'ACOLCHADO JACKAR DE PUNTO A 3 ESPUMAS', NULL),
(1846, 3, '21029', 'ACOLCHADO JACKAR UNICOLOR A 2 ESPUMAS   ', NULL),
(1847, 3, '21012', 'ACOLCHADO NO GARANTIZADO GENERO INFANTIL EN ESPUMA', NULL),
(1848, 3, '21009', 'ACOLCHADO NO GARANTIZADO GENERO SERIO EN GUATA', NULL),
(1849, 3, '201042', 'ACOLCHADO ULTRASONIDO BLANCO   ', NULL),
(1850, 3, '21038', 'ACOLCHADO ULTRASONIDO DOBLE FAZ BLANCO   ', NULL),
(1851, 3, '21051', 'ACOLCHADO ULTRASONIDO DOBLE FAZ EMBOSADO UNICOLOR   ', NULL),
(1852, 3, '21050', 'ACOLCHADO ULTRASONIDO DOBLE FAZ EST/EMB   ', NULL),
(1853, 3, '201043', 'ACOLCHADO ULTRASONIDO ESTAMPADO   ', NULL),
(1854, 3, '21055', 'ACOLCHADO ULTRASONIDO UNIFAZ EMBOSADO BLANCO   ', NULL),
(1855, 3, '21052', 'ACOLCHADO ULTRASONIDO UNIFAZ EMBOSADO UNICOLOR   ', NULL),
(1856, 3, '190701', 'ALMOHADA 100X50 BLANCA   ', NULL),
(1857, 3, '190101', 'ALMOHADA 25X35 BLANCA', NULL),
(1858, 3, '190104', 'ALMOHADA 30X45 BLANCA   ', NULL),
(1859, 3, '190204', 'ALMOHADA 60X40  ESTAMPADA ANGELICAL ', NULL),
(1860, 3, '190205', 'ALMOHADA 60X40 ACOLCHADA ESTAMPADA ANGELICAL', NULL),
(1861, 3, '190208', 'ALMOHADA 60X40 BLANCA DAYCRON SET X 2', NULL),
(1862, 3, '190202', 'ALMOHADA 60X40 BLANCA ANGELICAL SILICONADA   ', NULL),
(1863, 3, '190214', 'ALMOHADA 60X40 BLANCA BOLSA TRASPARENTE   ', NULL),
(1864, 3, '190201', 'ALMOHADA 60X40 BLANCA CORRIENTE ANGELICAL ', NULL),
(1866, 3, '190203', 'ALMOHADA 60X40 UNICOLOR ANGELICAL ', NULL),
(1867, 3, '190309', 'ALMOHADA 65X45 BLANCA REALTEX   ', NULL),
(1868, 3, '190303', 'ALMOHADA 65X45 BLANCA CASA DOBLE FORRO', NULL),
(1869, 3, '190308', 'ALMOHADA 65X45 BLANCA DF REALTEX SILICONADA   ', NULL),
(1871, 3, '190307', 'ALMOHADA 65X45 BLANCA REALTEX SILICONADA   ', NULL),
(1872, 3, '190306', 'ALMOHADA 65X45 SILICONADA BOLSA TRASPARENTE   ', NULL),
(1873, 3, '190302', 'ALMOHADA 65X45 UNICOLOR REALTEX   ', NULL),
(1874, 3, '190305', 'ALMOHADA 65X45 UNICOLR ARCOIRIS   ', NULL),
(1875, 3, '190441', 'ALMOHADA 70X50 ESTAMPADA FOAM COTTON   ', NULL),
(1876, 3, '190429', 'ALMOHADA 70X50 BLANCA ROYAL PILLOW SETX2   ', NULL),
(1877, 3, '190421', 'ALMOHADA 70X50 BLANCA STALLOFILTEX SILICONADA   ', NULL),
(1878, 3, '190412', 'ALMOHADA 70X50 BLANCA SOFI', NULL),
(1879, 3, '190419', 'ALMOHADA 70X50 BLANCA INTERLON   ', NULL),
(1880, 3, '190414', 'ALMOHADA 70X50 BLANCA LINDA SOFT ', NULL),
(1881, 3, '190403', 'ALMOHADA 70X50 BLANCA MENTA', NULL),
(1882, 3, '190422', 'ALMOHADA 70X50 BLANCA MENTAL BOLSA PVC   ', NULL),
(1883, 3, '190427', 'ALMOHADA 70X50 BLANCA PLUMA SINTETICA BOLSA PVC   ', NULL),
(1885, 3, '190426', 'ALMOHADA 70X50 BLANCA SAMITEX   ', NULL),
(1888, 3, '190413', 'ALMOHADA 70X50 BLANCA SETX2 DYCRON ', NULL),
(1889, 3, '190411', 'ALMOHADA 70X50 BLANCA SETX2 STALLOFILTEX', NULL),
(1892, 3, '190439', 'ALMOHADA 70X50 ESTAMPADA CTE MC SIN BOLSA   ', NULL),
(1894, 3, '190410', 'ALMOHADA 75X50 AMERICAN GOLD   ', NULL),
(1899, 3, '190503', 'ALMOHADA 75X50 BLANCA SAMYTEX   ', NULL),
(1900, 3, '190502', 'ALMOHADA 75X50 CASA   ', NULL),
(1901, 3, '190505', 'ALMOHADA 80X50 BLANCA SILICONADA   ', NULL),
(1902, 3, '190602', 'ALMOHADA 90X50 BLANCA BOLSA TRASPARENTE   ', NULL),
(1903, 3, '190603', 'ALMOHADA 90X50 BLANCA PLUMA   ', NULL),
(1904, 3, '190601', 'ALMOHADA 90X50 BLANCA ROYAL PILLOW', NULL),
(1905, 3, '10302', 'BICOMPONENTE FH', NULL),
(1906, 3, '10301', 'BICOMPONENTE KE   ', NULL),
(1907, 3, '40303', 'BOLSA 120X180 CALIBRE 3 (FH) AGUP', NULL),
(1908, 3, '40304', 'BOLSA 120X220 CALIBRE 3 (FH) AGUP', NULL),
(1909, 3, '40305', 'BOLSA 160X220 CALIBRE 3 (FH)   ', NULL),
(1910, 3, '40101', 'BOLSA 60X40 ANGELICAL ', NULL),
(1911, 3, '40104', 'BOLSA 60X40 RELAX SWIFT', NULL),
(1912, 3, '40115', 'BOLSA 65X45 CASA', NULL),
(1913, 3, '40114', 'BOLSA 65X45 REALTEX', NULL),
(1914, 3, '40122', 'BOLSA 70X50 FOAM COTTON', NULL),
(1915, 3, '40126', 'BOLSA 70X50 LINDA SOFT', NULL),
(1916, 3, '40125', 'BOLSA 70X50 MENTA', NULL),
(1917, 3, '40127', 'BOLSA 70X50 QUALLOFIL', NULL),
(1918, 3, '40128', 'BOLSA 70X50 STALLOFILTEX', NULL),
(1919, 3, '40140', 'BOLSA 75X50 AMERICAN GOLD', NULL),
(1920, 3, '40132', 'BOLSA 75X50 CASA', NULL),
(1921, 3, '40207', 'BOLSA ESTAMPADA FH INTERLON   ', NULL),
(1922, 3, '40201', 'BOLSA ESTAMPADA MIL USOS 500 GR AZUL2', NULL),
(1923, 3, '40413', 'BOLSA INTERLON FH   ', NULL),
(1924, 3, '40406', 'BOLSA PVC ALMOHADA 70X50', NULL),
(1925, 3, '40402', 'BOLSA PVC CUBRELECHO', NULL),
(1926, 3, '40412', 'BOLSA PVC PROTECTOR GRANDE', NULL),
(1927, 3, '40411', 'BOLSA PVC PROTECTOR MEDIANO', NULL),
(1928, 3, '40410', 'BOLSA PVC PROTECTOR PEQUENO', NULL),
(1929, 3, '40401', 'BOLSA PVC SABANA   ', NULL),
(1930, 3, '20501', 'BRIONI NEGRO', NULL),
(1931, 3, '50103', 'CANECA POLIMERICO CH', NULL),
(1932, 3, '50101', 'CANECA POLIOL CH', NULL),
(1933, 3, '50102', 'CANECA POLIOL KR', NULL),
(1934, 3, '50105', 'CANECA TDI', NULL),
(1935, 3, '50106', 'CANECA VACIA   ', NULL),
(1936, 3, '60302', 'CAUCHO POR 100 METROS', NULL),
(1937, 3, '60301', 'CAUCHO POR KILO', NULL),
(1938, 3, '60405', 'CINTA COLCHON UNICOLOR   ', NULL),
(1939, 3, '60402', 'CINTA DE COLCHON BLANCA', NULL),
(1940, 3, '60401', 'CINTA DE COLCHON CAFÉ', NULL),
(1941, 3, '260102', 'COBIJA COBISUEÑO PROMOCION   ', NULL),
(1942, 3, '260201', 'COBIJA DOBLE BAHAMA', NULL),
(1943, 3, '260202', 'COBIJA DOBLE CAMIRTEX', NULL),
(1944, 3, '260101', 'COBIJA VIAJERA  ESTAMPADA PROMOCION ', NULL),
(1945, 3, '260103', 'COBIJA VIAJERA PIEL DE PIÑA   ', NULL),
(1946, 3, '200101', 'COJIN 40X40 CORRIENTE  INTERLON   ', NULL),
(1947, 3, '200209', 'COJIN 40X40 CORRIENTE COBIJA ', NULL),
(1948, 3, '200203', 'COJIN 40X40 CORRIENTE ESTAMPADO  ', NULL),
(1949, 3, '200207', 'COJIN 40X40 CORRIENTE NAVIDENO', NULL),
(1950, 3, '200204', 'COJIN 40X40 SILICONADO ESTAMPADO', NULL),
(1951, 3, '200214', 'COJIN 40X40 SILICONADO INTERLON   ', NULL),
(1952, 3, '200208', 'COJIN 40X40 SILICONADO NAVIDENO ', NULL),
(1953, 3, '200404', 'COJIN 40X40X30 TV BLANCO SILICONADO   ', NULL),
(1954, 3, '200111', 'COJIN 42X45 SILICONADO INTERLON   ', NULL),
(1955, 3, '200103', 'COJIN 45X45 CORRIENTE  INTERLON', NULL),
(1956, 3, '200302', 'COJIN 45X45 CORRIENTE BENNETON ', NULL),
(1957, 3, '200308', 'COJIN 45X45 CORRIENTE NAVIDENO', NULL),
(1958, 3, '200306', 'COJIN 45X45 CORRIENTE YACKAR', NULL),
(1959, 3, '200314', 'COJIN 45X45 CUEROTEX INTERLON   ', NULL),
(1960, 3, '200312', 'COJIN 45X45 ESTAMPADO EN CUEROTEX  CREMALLERA   ', NULL),
(1961, 3, '200301', 'COJIN 45X45 SILICONADO BENNETON', NULL),
(1962, 3, '200309', 'COJIN 45X45 SILICONADO COBIJA ', NULL),
(1963, 3, '200303', 'COJIN 45X45 SILICONADO ESTAMPADO  ', NULL),
(1964, 3, '200104', 'COJIN 45X45 SILICONADO INTERLON', NULL),
(1965, 3, '200503', 'COJIN 45X45X35 TV  ESTAMPADO', NULL),
(1966, 3, '200105', 'COJIN 47X47 CORRIENTE INTERLON', NULL),
(1967, 3, '200315', 'COJIN 47X47 CUEROTEX INTERLON   ', NULL),
(1968, 3, '200106', 'COJIN 47X47 SILICONADO INTERLON', NULL),
(1969, 3, '200113', 'COJIN 50X30 SILICONADO INTERLON   ', NULL),
(1970, 3, '200211', 'COJIN 50X35  SILICONADO INTERLON   ', NULL),
(1971, 3, '200107', 'COJIN 50X50 CORRIENTE INTERLON', NULL),
(1972, 3, '200108', 'COJIN 50X50 SILICONADO INTERLON', NULL),
(1973, 3, '200115', 'COJIN 50X50 SILICONADO INTERLON   ', NULL),
(1974, 3, '200112', 'COJIN 60X60 SILICONADO INTERLON   ', NULL),
(1975, 3, '290105', 'COLCHON 100X190   ', NULL),
(1976, 3, '290106', 'COLCHON 120X190   ', NULL),
(1977, 3, '290107', 'COLCHON 140X190   ', NULL),
(1978, 3, '270102', 'CORTINA TIPO GALLETA   ', NULL),
(1979, 3, '270101', 'CORTINA YACKAR J.R   ', NULL),
(1980, 3, '70101', 'CREMALLERA BLANCA # 3   ', NULL),
(1981, 3, '70111', 'CREMALLERA BLANCA # 5   ', NULL),
(1982, 3, '70102', 'CREMALLERA BLANCA # 7   ', NULL),
(1983, 3, '20703', 'CRETONA INFANTIL FH 210 CM   ', NULL),
(1984, 3, '20702', 'CRETONA SERIA FH 210 CM   ', NULL),
(1985, 3, '20704', 'CRETONA SERIA KG 210 CM   ', NULL),
(1986, 3, '20701', 'CRETONA SERIA PT 210 CM   ', NULL),
(1987, 3, '20705', 'CRETONA SERIA TS 240 CM   ', NULL),
(1988, 3, '250215', 'CUBRELECHO COBIJA DOBLE TS   ', NULL),
(1989, 3, '250208', 'CUBRELECHO DOBLE BLANCO ACOLCHADO ULTRASONIDO   ', NULL),
(1990, 3, '250209', 'CUBRELECHO DOBLE BLANCO UNIFAZ ULTRASONIDO   ', NULL),
(1991, 3, '250217', 'CUBRELECHO DOBLE COBIJA DOBLE FAZ   ', NULL),
(1992, 3, '250205', 'CUBRELECHO DOBLE EQUIPOS   ', NULL),
(1993, 3, '250207', 'CUBRELECHO DOBLE ESTAMPADO  ULTRASONIDO   ', NULL),
(1994, 3, '250210', 'CUBRELECHO DOBLE ESTAMPADO INFANTIL   ', NULL),
(1995, 3, '250214', 'CUBRELECHO DOBLE ESTAMPADO ULTRASONIDO CON EMBONE', NULL),
(1996, 3, '250212', 'CUBRELECHO DOBLE INFANTIL PROMOCION   ', NULL),
(1997, 3, '250203', 'CUBRELECHO DOBLE JACKARD   ', NULL),
(1998, 3, '250206', 'CUBRELECHO DOBLE LONA   ', NULL),
(1999, 3, '250216', 'CUBRELECHO DOBLE OVEJERO ESTAMPADO   ', NULL),
(2000, 3, '250211', 'CUBRELECHO DOBLE PROMOCION   ', NULL),
(2001, 3, '250201', 'CUBRELECHO DOBLE SERIO ESTAMPADO   ', NULL),
(2002, 3, '250204', 'CUBRELECHO DOBLE SERIO ESTAMPADO + SABANA   ', NULL),
(2003, 3, '250213', 'CUBRELECHO DOBLE UNICOLOR ACOLCHADO ULTRASONIDO   ', NULL),
(2004, 3, '250401', 'CUBRELECHO KING SERIO ESTAMPADO   ', NULL),
(2005, 3, '250502', 'CUBRELECHO PLUMON DOBLE', NULL),
(2006, 3, '250306', 'CUBRELECHO QUEEN ULTRASONIDO UNICOLOR   ', NULL),
(2007, 3, '250604', 'CUBRELECHO SEMIDOBLE ESTAMPADO ULTRASONIDO CON EMBONE   ', NULL),
(2008, 3, '250113', 'CUBRELECHO SEMIDOBLE ULTRASONIDO UNICOLOR   ', NULL),
(2009, 3, '250107', 'CUBRELECHO SENCILLO BLANCO ULTRASONIDO   ', NULL),
(2010, 3, '250105', 'CUBRELECHO SENCILLO EQUIPO   ', NULL),
(2011, 3, '250108', 'CUBRELECHO SENCILLO ESTAMPADO ULTRASONIDO   ', NULL),
(2012, 3, '250112', 'CUBRELECHO SENCILLO ESTAMPADO ULTRASONIDO CON EMBONE', NULL),
(2013, 3, '250114', 'CUBRELECHO SENCILLO INFALTIL + SABANA   ', NULL),
(2014, 3, '250103', 'CUBRELECHO SENCILLO INFANTIL COBIJA', NULL),
(2015, 3, '250102', 'CUBRELECHO SENCILLO INFANTIL ESTAMPADO', NULL),
(2016, 3, '250110', 'CUBRELECHO SENCILLO PROMOCION   ', NULL),
(2017, 3, '250101', 'CUBRELECHO SENCILLO SERIO ESTAMPADO', NULL),
(2018, 3, '250111', 'CUBRELECHO SENCILLO UNICOLOR ACOLCHADO ULTRASONIDO   ', NULL),
(2019, 3, '20101', 'DACRON BLANCO LISO', NULL),
(2020, 3, '70211', 'DESLIZADOR BLANCO # 5   ', NULL),
(2021, 3, '70201', 'DESLIZADOR NIQUELADO # 3   ', NULL),
(2022, 3, '70212', 'DESLIZADOR NIQUELADO # 5   ', NULL),
(2023, 3, '70202', 'DESLIZADOR NIQUELADO # 7   ', NULL),
(2024, 3, '50206', 'ESPUMA CONTINUA 9MM', NULL),
(2025, 3, '80208', 'ETIQUETA PROTECTOR DE SAMITEX', NULL),
(2026, 3, '80202', 'ETIQUETA SABANA LA ADMIRABLE', NULL),
(2027, 3, '80201', 'ETIQUETA SABANA LA PODEROSA', NULL),
(2028, 3, '180307', 'FORRO 40X40 COJIN CUEROTEX   ', NULL),
(2029, 3, '180102', 'FORRO 40X40 COJIN INTERLON   ', NULL),
(2030, 3, '180301', 'FORRO 45X45 COJIN BENNETON', NULL),
(2031, 3, '180104', 'FORRO 47X47 COJIN INTERLON', NULL),
(2032, 3, '180105', 'FORRO 50X50 COJIN INTERLON', NULL),
(2033, 3, '160506', 'FORRO 70X50 ACOLCHADO ', NULL),
(2034, 3, '160501', 'FORRO 70X50 INTERLON', NULL),
(2035, 3, '160410', 'FORRO POR KILOS   ', NULL),
(2036, 3, '160419', 'FORRO SERVILLETA   ', NULL),
(2037, 3, '170902', 'FUNDA 45X45 ESTAMPADA  CUEROTEX   ', NULL),
(2038, 3, '170901', 'FUNDA 45X45 NAVIDEÑA   ', NULL),
(2039, 3, '170501', 'FUNDA 70X50 BLANCA', NULL),
(2040, 3, '170503', 'FUNDA 70X50 ESTAMPADA   ', NULL),
(2041, 3, '170502', 'FUNDA 70X50 UNICOLOR', NULL),
(2042, 3, '310500', 'GUARNICION FH   ', NULL),
(2043, 3, '20905', 'GUATA 100 X 160   ', NULL),
(2044, 3, '20928', 'GUATA 100 X 200X40   ', NULL),
(2045, 3, '20907', 'GUATA 100 X 250 X 50 MTS   ', NULL),
(2046, 3, '20908', 'GUATA 120 X 160   ', NULL),
(2047, 3, '20909', 'GUATA 120 X 210-220 X 40   ', NULL),
(2048, 3, '20910', 'GUATA 120 X 245 X 40   ', NULL),
(2049, 3, '20915', 'GUATA 160 X 245   ', NULL),
(2050, 3, '20916', 'GUATA 160X220X30   ', NULL),
(2051, 3, '20919', 'GUATA 180 X 165   ', NULL),
(2052, 3, '20920', 'GUATA 180 X 245   ', NULL),
(2053, 3, '20921', 'GUATA 200 X 210   ', NULL),
(2054, 3, '20931', 'GUATA 300 X245X24 MTR   ', NULL),
(2055, 3, '20901', 'GUATA 80 X 165 X 66   ', NULL),
(2056, 3, '20923', 'GUATA 80 X 215 X 70   ', NULL),
(2057, 3, '20902', 'GUATA 80 X 245 X 60   ', NULL),
(2058, 3, '60108', 'HILAZA  DOS CABOS   ', NULL),
(2059, 3, '60109', 'HILAZA TRES CABOS   ', NULL),
(2060, 3, '60104', 'HILO ACOLCHADORA   ', NULL),
(2061, 3, '60101', 'HILO BLANCO  50 (5000 YDS)   ', NULL),
(2062, 3, '60102', 'HILO BLANCO  75 (5000 YDS)   ', NULL),
(2063, 3, '60103', 'HILO BLANCO 120 (10000 YDS)   ', NULL),
(2064, 3, '60105', 'HILO COCON   ', NULL),
(2065, 3, '60106', 'HILO COLORES 120(1000 YARDAS)   ', NULL),
(2066, 3, '10902', 'HUECA 10 KL ABIERTA', NULL),
(2067, 3, '10903', 'HUECA 5  KL ABIERTA   ', NULL),
(2068, 3, '10901', 'HUECA 500 GR ABIERTA', NULL),
(2069, 3, '10211', 'HUECA PACA 15 X   FH EHW   ', NULL),
(2070, 3, '10210', 'HUECA PACA 15 X 64  EK RC 1A   ', NULL),
(2071, 3, '10216', 'HUECA PACA 15 X 64 FH   ', NULL),
(2072, 3, '10209', 'HUECA PACA 15X64 EKFF   ', NULL),
(2073, 3, '11102', 'HUGGIS 15 KL ABIERTO   ', NULL),
(2074, 3, '420000', 'INTERLON AZUL OSCURO 60GRX160 FH   ', NULL),
(2075, 3, '520000', 'INTERLON BEIGE 60GRX160 FH   ', NULL),
(2076, 3, '400284', 'INTERLON BLANCO 100GR X 210 FH   ', NULL),
(2077, 3, '400152', 'INTERLON BLANCO 100GR X 80 FH   ', NULL),
(2078, 3, '400157', 'INTERLON BLANCO 13GR X 150 FH   ', NULL),
(2079, 3, '400181', 'INTERLON BLANCO 13GR X 160 FH   ', NULL),
(2080, 3, '400249', 'INTERLON BLANCO 13GR X 210 FH', NULL),
(2081, 3, '400250', 'INTERLON BLANCO 13GR X 210 PL', NULL),
(2082, 3, '400251', 'INTERLON BLANCO 17GR X 210-230 FH   ', NULL),
(2083, 3, '400328', 'INTERLON BLANCO 27 X 52-  60 CM   ', NULL),
(2084, 3, '400189', 'INTERLON BLANCO 27GR X 160 FH   ', NULL),
(2085, 3, '400291', 'INTERLON BLANCO 27GR X 240 FH', NULL);
INSERT INTO `productos` (`id_producto`, `empresas_id_empresa`, `ref`, `nombre`, `linea_id`) VALUES
(2086, 3, '400292', 'INTERLON BLANCO 27GR X 240 PL', NULL),
(2087, 3, '400324', 'INTERLON BLANCO 27GR X 260 FH   ', NULL),
(2088, 3, '400193', 'INTERLON BLANCO 30GR X 160 FH   ', NULL),
(2089, 3, '400194', 'INTERLON BLANCO 30GR X 160 PL   ', NULL),
(2090, 3, '400222', 'INTERLON BLANCO 30GR X 200 FH', NULL),
(2091, 3, '400264', 'INTERLON BLANCO 30GR X 210 - 220 FH   ', NULL),
(2092, 3, '400298', 'INTERLON BLANCO 30GR X 240 PL   ', NULL),
(2093, 3, '400327', 'INTERLON BLANCO 30GR X 260 PL   ', NULL),
(2094, 3, '400191', 'INTERLON BLANCO 30GR X 60  FH   ', NULL),
(2095, 3, '400192', 'INTERLON BLANCO 40GR X 160 FH   ', NULL),
(2096, 3, '400269', 'INTERLON BLANCO 40GR X 210-215 FH   ', NULL),
(2097, 3, '400303', 'INTERLON BLANCO 40GR X 240 FH', NULL),
(2098, 3, '400142', 'INTERLON BLANCO 50 GRS X 160 FH   ', NULL),
(2099, 3, '400153', 'INTERLON BLANCO 50GR X 110 FH   ', NULL),
(2100, 3, '400286', 'INTERLON BLANCO 50GR X 210 FH   ', NULL),
(2101, 3, '400195', 'INTERLON BLANCO 70GR X 160  FH   ', NULL),
(2102, 3, '400232', 'INTERLON BLANCO 70GR X 200 FH', NULL),
(2103, 3, '400233', 'INTERLON BLANCO 70GR X 200 PL', NULL),
(2104, 3, '400274', 'INTERLON BLANCO 70GR X 210- 220 FH   ', NULL),
(2105, 3, '400275', 'INTERLON BLANCO 70GR X 210 PL', NULL),
(2106, 3, '400237', 'INTERLON BLANCO 90GR X 200 FH', NULL),
(2107, 3, '400279', 'INTERLON BLANCO 90GR X 210 FH', NULL),
(2108, 3, '500002', 'INTERLON COLORES 70 GRS X 160   ', NULL),
(2109, 3, '500000', 'INTERLON FUCSIA 60GRX160 FH   ', NULL),
(2110, 3, '490000', 'INTERLON GRIS 60GRX160 FH   ', NULL),
(2111, 3, '570000', 'INTERLON HUESO 60GRS X 160 FH   ', NULL),
(2112, 3, '510000', 'INTERLON LILA 60GRX160 FH   ', NULL),
(2113, 3, '530000', 'INTERLON MORADO 60GRX160 FH   ', NULL),
(2114, 3, '480000', 'INTERLON NARANJA 60GRX160 FH   ', NULL),
(2115, 3, '410064', 'INTERLON NEGRO 100GR X 160 FH', NULL),
(2116, 3, '410041', 'INTERLON NEGRO 50GR X 160 FH', NULL),
(2117, 3, '410050', 'INTERLON NEGRO 60 CM X 240 CM   ', NULL),
(2118, 3, '410026', 'INTERLON NEGRO 60GR X 0.80 FH   ', NULL),
(2119, 3, '410047', 'INTERLON NEGRO 60GR X 160 FH', NULL),
(2120, 3, '410014', 'INTERLON NEGRO 70 GRS X 160   ', NULL),
(2121, 3, '410005', 'INTERLON NEGRO 70GR X 0.16 FH   ', NULL),
(2122, 3, '410028', 'INTERLON NEGRO 70GR X 115 FH   ', NULL),
(2123, 3, '410029', 'INTERLON NEGRO 70GR X 125 FH   ', NULL),
(2124, 3, '410053', 'INTERLON NEGRO 70GR X 160 FH   ', NULL),
(2125, 3, '410075', 'INTERLON NEGRO 70GR X 200 FH', NULL),
(2126, 3, '410076', 'INTERLON NEGRO 70GR X 200 PL   ', NULL),
(2127, 3, '410094', 'INTERLON NEGRO 70GR X 210 FH', NULL),
(2128, 3, '410095', 'INTERLON NEGRO 70GR X 210 PL', NULL),
(2129, 3, '410113', 'INTERLON NEGRO 70GR X 240 FH', NULL),
(2130, 3, '410027', 'INTERLON NEGRO 70GR X 80 FH', NULL),
(2131, 3, '410081', 'INTERLON NEGRO 90GR X 200 FH', NULL),
(2132, 3, '410100', 'INTERLON NEGRO 90GR X 210 FH', NULL),
(2133, 3, '60107', 'LIBRE   ', NULL),
(2134, 3, '40500', 'LIBRE   ', NULL),
(2135, 3, '20108', 'LIBRE   ', NULL),
(2136, 3, '310103', 'MAQUINA CORTADORA DE POLITEX   ', NULL),
(2137, 3, '11305', 'MEZCLA DE MILCOLOR + CRESPO 15   ', NULL),
(2138, 3, '11302', 'MEZCLA HUECA FH + TEXTURIZADO=CONSUMO ALMOHADAS   ', NULL),
(2139, 3, '11306', 'MEZCLA TEXTURIZADOB+ SILICONADO VD   ', NULL),
(2140, 3, '11101', 'MILCOLOR 15 KL ABIERTO ', NULL),
(2141, 3, '10402', 'MILCOLOR PACA', NULL),
(2142, 3, '30401', 'PLASTICO PRECORTADO NEGRO 52X72 CALIBRE 2 (KR)', NULL),
(2143, 3, '30402', 'PLASTICO PRECORTADO NEGRO 80X150 CALIBRE 3 (LM)   ', NULL),
(2144, 3, '30403', 'PLASTICO PRECORTADO NEGRO 80X240 CALIBRE 4 (LM)   ', NULL),
(2145, 3, '30612', 'PLASTICO PRECORTADO ORG 150 X 220CALIBRE 4   ', NULL),
(2146, 3, '30604', 'PLASTICO PRECORTADO ORG 50X72 CALIBRE 2 (FH-CLN)   ', NULL),
(2147, 3, '30609', 'PLASTICO PRECORTADO ORG 88 X 132 X CALIBRE 4   ', NULL),
(2148, 3, '30518', 'PLASTICO PRECORTE 100X140 CALIBRE 3 AGUAP   ', NULL),
(2149, 3, '30509', 'PLASTICO PRECORTE 120X150 CALIBRE 3 AGUAP   ', NULL),
(2150, 3, '30510', 'PLASTICO PRECORTE 120X220 CALIBRE 3 AGUAP (FH-UR)   ', NULL),
(2151, 3, '30511', 'PLASTICO PRECORTE 160X220 CALIBRE 4 AGUAP (YR)   ', NULL),
(2152, 3, '30514', 'PLASTICO PRECORTE 80X100 CALIBRE 3 AGUAP (YR)   ', NULL),
(2153, 3, '30508', 'PLASTICO PRECORTE 97X165 CALIBRE 3 AGUAP (FH-UR)   ', NULL),
(2154, 3, '30205', 'PLASTICO TUBULAR AGUAPANELO DE 120 CM ANCHO CALIBRE 3 (VTA)', NULL),
(2155, 3, '30207', 'PLASTICO TUBULAR AGUAPANELO DE 160 CM ANCHO CALIBRE 3 (FH)   ', NULL),
(2156, 3, '30209', 'PLASTICO TUBULAR AGUAPANELO DE 200 CM ANCHO CALIBRE 3.5 (TS)   ', NULL),
(2157, 3, '10701', 'PLUMAS PACA DE GANZO', NULL),
(2158, 3, '210802', 'PROTECTOR 100X190 BANDA 25  IMPERMEABLE', NULL),
(2159, 3, '210210', 'PROTECTOR 100X190 BANDA 25 BLANCO ULTRASONIDO   ', NULL),
(2160, 3, '210204', 'PROTECTOR 100X190 BANDA 25 GENERO BLANCA', NULL),
(2161, 3, '210504', 'PROTECTOR 100X190 BANDA 25 GENERO UNICOLOR', NULL),
(2162, 3, '210304', 'PROTECTOR 100X190 BANDA 35 GENERO BLANCA', NULL),
(2163, 3, '210803', 'PROTECTOR 120X190 BANDA 25  IMPERMEABLE', NULL),
(2164, 3, '210211', 'PROTECTOR 120X190 BANDA 25 BLANCO ULTRASONIDO   ', NULL),
(2165, 3, '210206', 'PROTECTOR 120X190 BANDA 25 GENERO BLANCA', NULL),
(2166, 3, '210506', 'PROTECTOR 120X190 BANDA 25 GENERO UNICOLOR', NULL),
(2167, 3, '212002', 'PROTECTOR 120X190 BANDA 25 IMPERMEABLE ESTAMPADO   ', NULL),
(2168, 3, '210306', 'PROTECTOR 120X190 BANDA 35 GENERO BLANCA', NULL),
(2169, 3, '210606', 'PROTECTOR 120X190 BANDA 35 GENERO UNICOLOR', NULL),
(2170, 3, '210208', 'PROTECTOR 140X190 BANDA 25 GENERO BLANCA', NULL),
(2171, 3, '210508', 'PROTECTOR 140X190 BANDA 25 GENERO UNICOLOR', NULL),
(2172, 3, '212003', 'PROTECTOR 140X190 BANDA 25 IMPERMEABLE ESTAMPADO   ', NULL),
(2173, 3, '210904', 'PROTECTOR 140X190 BANDA 35  IMPERMEABLE', NULL),
(2174, 3, '210308', 'PROTECTOR 140X190 BANDA 35 GENERO BLANCA', NULL),
(2175, 3, '210311', 'PROTECTOR 140X190 BANDA 35 GENERO BLANCO ULTRASONIDO   ', NULL),
(2176, 3, '210608', 'PROTECTOR 140X190 BANDA 35 GENERO UNICOLOR', NULL),
(2177, 3, '213003', 'PROTECTOR 140X190 BANDA 35 IMPERMEABLE ESTAMPADO   ', NULL),
(2178, 3, '211004', 'PROTECTOR 140X190 BANDA 45  IMPERMEABLE', NULL),
(2179, 3, '210309', 'PROTECTOR 160X190 BANDA 35 GENERO BLANCA', NULL),
(2180, 3, '210609', 'PROTECTOR 160X190 BANDA 35 GENERO UNICOLOR', NULL),
(2181, 3, '210905', 'PROTECTOR 160X190 BANDA 35 IMPERMEABLE', NULL),
(2182, 3, '210409', 'PROTECTOR 160X190 BANDA 45 GENERO BLANCA', NULL),
(2183, 3, '210709', 'PROTECTOR 160X190 BANDA 45 GENERO UNICOLOR', NULL),
(2184, 3, '211005', 'PROTECTOR 160X190 BANDA 45 IMPERMEABLE', NULL),
(2185, 3, '210310', 'PROTECTOR 200X200 BANDA 35 GENERO BLANCA', NULL),
(2186, 3, '210410', 'PROTECTOR 200X200 BANDA 45 GENERO BLANCA', NULL),
(2187, 3, '211006', 'PROTECTOR 200X200 BANDA 45 IMPERMEABLE', NULL),
(2188, 3, '210101', 'PROTECTOR 70X50 ALMOHADA BLANCA', NULL),
(2189, 3, '210103', 'PROTECTOR 70X50 ALMOHADA ESTAMPADA   ', NULL),
(2190, 3, '210806', 'PROTECTOR 70X50 ALMOHADA IMPER   ', NULL),
(2191, 3, '210102', 'PROTECTOR 70X50 ALMOHADA UNICOLOR', NULL),
(2192, 3, '210202', 'PROTECTOR 90X190 BANDA 25 GENERO BLANCA', NULL),
(2193, 3, '11217', 'RETAL DE CARTON   ', NULL),
(2194, 3, '11201', 'RETAL DE ESPUMA', NULL),
(2195, 3, '11205', 'RETAL DE GUATA ROLLO', NULL),
(2196, 3, '11209', 'RETAL DE PLASTICO', NULL),
(2197, 3, '11206', 'RETAL DE SABANA CUADROS', NULL),
(2198, 3, '11207', 'RETAL DE START ', NULL),
(2199, 3, '11204', 'RETAL DE TELA ACOLCHADA CON GUATA', NULL),
(2200, 3, '11203', 'RETAL DE TELA ACOLCHADA ESPUMA', NULL),
(2201, 3, '11210', 'RETAL ESPUMA PICADO CON TELA   ', NULL),
(2202, 3, '11211', 'RETAL PELUCHE   ', NULL),
(2203, 3, '220301', 'SABANA DE EQUIPO  JUE  ', NULL),
(2204, 3, '240706', 'SABANA DOBLE AJUSTABLE   ', NULL),
(2205, 3, '220102', 'SABANA DOBLE DE 25 BLANCA', NULL),
(2206, 3, '220205', 'SABANA DOBLE DE 25 BLANCA CON EMBONE   ', NULL),
(2207, 3, '240705', 'SABANA DOBLE DE 25 ESTAMPADA   ', NULL),
(2208, 3, '240707', 'SABANA DOBLE DE 25 ESTAMPADA INF   ', NULL),
(2209, 3, '240402', 'SABANA DOBLE DE 25 UNICOLOR CON CORDON   ', NULL),
(2210, 3, '240403', 'SABANA DOBLE DE 25 UNICOLOR GENERO   ', NULL),
(2211, 3, '220202', 'SABANA DOBLE DE 35 BLANCA', NULL),
(2212, 3, '240802', 'SABANA DOBLE DE 35 ESTAMPADA', NULL),
(2213, 3, '240502', 'SABANA DOBLE DE 35 UNICOLOR', NULL),
(2214, 3, '220204', 'SABANA KING DE 35 BLANCA', NULL),
(2215, 3, '240804', 'SABANA KING DE 35 ESTAMPADA', NULL),
(2216, 3, '240504', 'SABANA KING DE 35 UNICOLOR', NULL),
(2217, 3, '240304', 'SABANA KING DE 45 BLANCA', NULL),
(2218, 3, '240904', 'SABANA KING DE 45 ESTAMPADA', NULL),
(2219, 3, '240604', 'SABANA KING DE 45 UNICOLOR', NULL),
(2220, 3, '220203', 'SABANA QUEEN DE 35 BLANCA', NULL),
(2221, 3, '240803', 'SABANA QUEEN DE 35 ESTAMPADA', NULL),
(2222, 3, '240503', 'SABANA QUEEN DE 35 UNICOLOR', NULL),
(2223, 3, '240303', 'SABANA QUEEN DE 45 BLANCA', NULL),
(2224, 3, '240903', 'SABANA QUEEN DE 45 ESTAMPADA', NULL),
(2225, 3, '240603', 'SABANA QUEEN DE 45 UNICOLOR', NULL),
(2226, 3, '220103', 'SABANA SEMIDOBLE DE 25 BLANCA   ', NULL),
(2227, 3, '240704', 'SABANA SEMIDOBLE DE 25 ESTAMPADA   ', NULL),
(2228, 3, '240901', 'SABANA SENCILLA  45 ESTAMPADA', NULL),
(2229, 3, '220101', 'SABANA SENCILLA DE 25 BLANCA   ', NULL),
(2230, 3, '240701', 'SABANA SENCILLA DE 25 ESTAMPADA', NULL),
(2231, 3, '240702', 'SABANA SENCILLA DE 25 ESTAMPADA INF   ', NULL),
(2232, 3, '240401', 'SABANA SENCILLA DE 25 UNICOLOR', NULL),
(2233, 3, '220108', 'SABANAS 80X190 INTERLON   ', NULL),
(2234, 3, '20408', 'SEDA POLIESTER AZUL OSCURA   ', NULL),
(2235, 3, '20407', 'SEDA POLIESTER NEGRA   ', NULL),
(2236, 3, '20402', 'SEDA POLIESTER VERDE CALI', NULL),
(2237, 3, '280102', 'SERVICIO  TRANSPORTE PRESTADO POR FH   ', NULL),
(2238, 3, '280101', 'SERVICIO ACOLCHADO  PRESTADO POR FH   ', NULL),
(2239, 3, '280109', 'SERVICIO DE CORTE PRESTADO POR FH   ', NULL),
(2240, 3, '280105', 'SERVICIO DE PICADORA   ', NULL),
(2241, 3, '280103', 'SERVICIO DEAPERTURA  PRESTADO POR FH   ', NULL),
(2242, 3, '60601', 'SESGO UNICOLOR 4.8 CM   ', NULL),
(2243, 3, '10811', 'SILICONADO 10 KL ABIERTO   ', NULL),
(2244, 3, '10806', 'SILICONADO 10 KL CHINO ABIERTO', NULL),
(2245, 3, '10808', 'SILICONADO 10 KL CRESPO ABIERTO   ', NULL),
(2246, 3, '10809', 'SILICONADO 10 KL FIBERBALL ABIERTO', NULL),
(2247, 3, '10805', 'SILICONADO 10 KL NACIONAL ABIERTO', NULL),
(2248, 3, '10812', 'SILICONADO 10 KL VERDE ABIERTO   ', NULL),
(2249, 3, '10803', 'SILICONADO 1000 GR  NACIONAL  ABIERTO   ', NULL),
(2250, 3, '10804', 'SILICONADO 5 KL  NACIONAL ABIERTO', NULL),
(2251, 3, '10802', 'SILICONADO 500 GR NACIONAL ABIERTO', NULL),
(2252, 3, '10110', 'SILICONADO PACA   ', NULL),
(2253, 3, '10104', 'SILICONADO PACA  FH PLUMA   ', NULL),
(2254, 3, '10111', 'SILICONADO PACA 10 X 64 FH', NULL),
(2255, 3, '10129', 'SILICONADO PACA 12X32 KE   ', NULL),
(2256, 3, '10113', 'SILICONADO PACA 12X64 KE   ', NULL),
(2257, 3, '10117', 'SILICONADO PACA 15 X 32 KEC   ', NULL),
(2258, 3, '10118', 'SILICONADO PACA 15 X 64 FH', NULL),
(2259, 3, '10131', 'SILICONADO PACA 15X32 FH   ', NULL),
(2260, 3, '10122', 'SILICONADO PACA 15X64 KEC   ', NULL),
(2261, 3, '10125', 'SILICONADO PACA 18X64 EK   ', NULL),
(2262, 3, '10106', 'SILICONADO PACA 6.6X32 KE', NULL),
(2263, 3, '10127', 'SILICONADO PACA 7.7X32 KE   ', NULL),
(2264, 3, '10128', 'SILICONADO PACA 7.7X64 KE   ', NULL),
(2265, 3, '10108', 'SILICONADO PACA 7X64 FH   ', NULL),
(2266, 3, '10130', 'SILICONADO PACA 9X64 SL   ', NULL),
(2267, 3, '20502', 'TAFETA DE COLORES   ', NULL),
(2268, 3, '20503', 'TAFETA NEGRA   ', NULL),
(2269, 3, '21101', 'TELA DOWN PROFF FH', NULL),
(2270, 3, '20602', 'TELA FLEACE INFANTIL', NULL),
(2271, 3, '20601', 'TELA FLEACE SERIO', NULL),
(2272, 3, '20201', 'TELA GENERO 2.40 BLANCA JC GARANTIZADA   ', NULL),
(2273, 3, '20203', 'TELA GENERO 2.40 BLANCA JN   ', NULL),
(2274, 3, '20221', 'TELA GENERO 2.40 EMBOSADA BLANCA JN   ', NULL),
(2275, 3, '20220', 'TELA GENERO 2.40 EMBOSADA BLANCA LM   ', NULL),
(2276, 3, '20219', 'TELA GENERO 2.40 EMBOSADA BLANCA TS   ', NULL),
(2277, 3, '20227', 'TELA GENERO 2.40 EMBOSADA UNICOLOR LM   ', NULL),
(2278, 3, '20226', 'TELA GENERO 2.40 EMBOSADA UNICOLOR TS   ', NULL),
(2279, 3, '20263', 'TELA GENERO 2.40 GARANTIZADA EQUIPOS TS   ', NULL),
(2280, 3, '20254', 'TELA GENERO 2.40 GARANTIZADA INFANTIL ESTAMP FH   ', NULL),
(2281, 3, '20255', 'TELA GENERO 2.40 GARANTIZADA INFANTIL ESTAMP JC   ', NULL),
(2282, 3, '20256', 'TELA GENERO 2.40 GARANTIZADA INFANTIL ESTAMP LM   ', NULL),
(2283, 3, '20259', 'TELA GENERO 2.40 GARANTIZADA INFANTIL ESTAMP TS   ', NULL),
(2284, 3, '20262', 'TELA GENERO 2.40 GARANTIZADA NAVIDENO ESTAMP TS   ', NULL),
(2285, 3, '20247', 'TELA GENERO 2.40 GARANTIZADA SERIO ESTAMP FH   ', NULL),
(2286, 3, '20250', 'TELA GENERO 2.40 GARANTIZADA SERIO ESTAMP JN   ', NULL),
(2287, 3, '20249', 'TELA GENERO 2.40 GARANTIZADA SERIO ESTAMP LM   ', NULL),
(2288, 3, '20252', 'TELA GENERO 2.40 GARANTIZADA SERIO ESTAMP TS   ', NULL),
(2289, 3, '20244', 'TELA GENERO 2.40 NO GARANTIZADA INFANTIL ESTAMP JN   ', NULL),
(2290, 3, '20243', 'TELA GENERO 2.40 NO GARANTIZADA INFANTIL ESTAMP LM   ', NULL),
(2291, 3, '20267', 'TELA GENERO 2.40 NO GARANTIZADA SERIA FH   ', NULL),
(2292, 3, '20238', 'TELA GENERO 2.40 NO GARANTIZADA SERIO ESTAMP JN   ', NULL),
(2293, 3, '20237', 'TELA GENERO 2.40 NO GARANTIZADA SERIO ESTAMP LM   ', NULL),
(2294, 3, '20207', 'TELA GENERO 2.40 UNICOLOR JC', NULL),
(2295, 3, '20223', 'TELA GENERO 2.50 EMBOSADA BLANCA LM   ', NULL),
(2296, 3, '20222', 'TELA GENERO 2.50 EMBOSADA BLANCA TS   ', NULL),
(2297, 3, '20231', 'TELA GENERO 2.50 EMBOSADA UNICOLOR TS   ', NULL),
(2298, 3, '20268', 'TELA GENERO 250  EMBOSADO  FH   ', NULL),
(2299, 3, '20265', 'TELA GENERO BLANCO 2.40    FH   ', NULL),
(2300, 3, '20801', 'TELA JACKAR 220 DE PUNTO BLANCA PTP', NULL),
(2301, 3, '20266', 'TELA POR KILOS LF   ', NULL),
(2302, 3, '20301', 'TELA TERRY BLANCA FH', NULL),
(2303, 3, '20304', 'TELA TIPO CUERINA ESTAMPADA', NULL),
(2304, 3, '20305', 'TELA TIPO CUERINA UNICOLOR', NULL),
(2305, 3, '20803', 'TELA YACKAR UNICOLOR   ', NULL),
(2306, 3, '300101', 'TERMOZINCHA FH   ', NULL),
(2307, 3, '11001', 'TEXTURIZADO 15 KL ABIERTO', NULL),
(2308, 3, '10604', 'TN PCA 3.3X64 CS FIBRA PLUMA   ', NULL),
(2309, 3, '290201', 'TOALLAS   ', NULL),
(2310, 3, '500108', ' SERVICIO DE CONFECCION SET COMPLETO CAMA ; REF BELLANOT   ', NULL),
(2311, 3, '21027', 'ACOLCHADO CRETONA INFANTIL EN GUATA', NULL),
(2312, 3, '21054', 'ACOLCHADO JACKAR DE PUNTO ULTRASONIDO   ', NULL),
(2313, 3, '190103', 'ALMOHADA 25X35 ETSMPADA', NULL),
(2314, 3, '190200', 'ALMOHADA 30X45 ESTAMPADA   ', NULL),
(2315, 3, '190207', 'ALMOHADA 60X40 ESTAMPADA  RELAX SWIFT SETX2', NULL),
(2316, 3, '190210', 'ALMOHADA 60X45 BLANCA AMBIENTA', NULL),
(2317, 3, '190408', 'ALMOHADA 70X50  BLANCA STALLOFILTEX CTE   ', NULL),
(2318, 3, '190443', 'ALMOHADA 70X50 BLANCA ACOLCHADA TIPO FIRME   ', NULL),
(2319, 3, '190444', 'ALMOHADA 70X50 BLANCA SAMITEX   ', NULL),
(2320, 3, '190428', 'ALMOHADA 70X50 BLANCA FOAM COTTON SILICONADA   ', NULL),
(2321, 3, '190420', 'ALMOHADA 70X50 BLANCA MICA SETX2   ', NULL),
(2323, 3, '190430', 'ALMOHADA 70X50 ESTAMPADA SIN BOLSA MC   ', NULL),
(2324, 3, '190440', 'ALMOHADA 70X50 UNICOLOR DF SILICONADA   ', NULL),
(2325, 3, '190409', 'ALMOHADA 70X50 UNICOLOR STALLOFILTEX ', NULL),
(2326, 3, '190606', 'ALMOHADA 90X50 ACOLCHADA TIPO SUAVE   ', NULL),
(2327, 3, '190605', 'ALMOHADA 90X50 BLANCA ACOLCHADA TIPO FIRME   ', NULL),
(2328, 3, '190442', 'ALMOHADA BLANCA 70X50 PRIMAFLEX   ', NULL),
(2329, 3, '320003', 'ARRENDAMIENTO BODEGA  PATIO OBRAS   ', NULL),
(2330, 3, '320006', 'ARRENDAMIENTO DE BODEGA   ', NULL),
(2331, 3, '320002', 'ARRENDAMIETO BODEGA PEREIRA  GENERAL   ', NULL),
(2332, 3, '320007', 'ARRENDIENTO LOCAL   ', NULL),
(2333, 3, '90107', 'BOINAS PARA ACOLCHADORA   ', NULL),
(2334, 3, '50104', 'CANECA POLIMERICO KR', NULL),
(2335, 3, '50107', 'CANECA TDI  IMP.   ', NULL),
(2336, 3, '310104', 'CARGADOR   ', NULL),
(2337, 3, '200402', 'COJIN 40X40X30 TV BENNETON', NULL),
(2338, 3, '200405', 'COJIN 40X40X30 TV BENNETON SILICONADO   ', NULL),
(2339, 3, '200109', 'COJIN 65X65 SILICONADO INTERLON   ', NULL),
(2340, 3, '200603', 'COJIN 75X75 INTERLON   ', NULL),
(2341, 3, '200116', 'COJIN 80X80 SILICONADO INTERLON   ', NULL),
(2342, 3, '200406', 'COJIN TV 40X40X30 ACOLCHADO + ALMOHADA 60X40 ACOLCHADA   ', NULL),
(2343, 3, '120101', 'CORTE 35X35 COJIN INTERLON', NULL),
(2344, 3, '140101', 'CORTE SABANA SENCILLA DE 25 BLANCA', NULL),
(2345, 3, '250301', 'CUBRELECHO QUEEN  SERIO ESTAMPADO   ', NULL),
(2346, 3, '20110', 'DACRON LISO UNICOLOR   ', NULL),
(2347, 3, '50213', 'ESPUMA EVA 6 MM   ', NULL),
(2348, 3, '170703', 'FUNDA DE COLCHONETA 2.30X1.32   ', NULL),
(2349, 3, '20929', 'GUATA 120 X 245 VERDE AZUL   ', NULL),
(2350, 3, '20932', 'GUATA 200X 160  SILICONADA   ', NULL),
(2351, 3, '20927', 'GUATA 250 X 250 SILICONADA   ', NULL),
(2352, 3, '20930', 'GUATA 350 X 250 ILICONADA   ', NULL),
(2353, 3, '10401', 'HUGGIS VERDE-AZUL PACA   ', NULL),
(2354, 3, '320004', 'INTERESES MORATORIOS   ', NULL),
(2355, 3, '460000', 'INTERLON AMARILLO 60GRX160 FH   ', NULL),
(2356, 3, '590000', 'INTERLON AZUL CLARO 60GRS X 160 FH   ', NULL),
(2357, 3, '430000', 'INTERLON AZUL REY 60GRX160 FH   ', NULL),
(2358, 3, '540000', 'INTERLON AZUL TURQUEZA 60GRX160 FH   ', NULL),
(2359, 3, '400321', 'INTERLON BLANCO 100GR X 240 FH', NULL),
(2360, 3, '400207', 'INTERLON BLANCO 13GR X 200 FH', NULL),
(2361, 3, '400325', 'INTERLON BLANCO 27GR X 260 PL   ', NULL),
(2362, 3, '400114', 'INTERLON BLANCO 70GR X 0.15-016 CM   ', NULL),
(2363, 3, '400323', 'INTERLON BLANCO 80GR X 240 PL   ', NULL),
(2364, 3, '400197', 'INTERLON BLANCO 90GR X 160 FH   ', NULL),
(2365, 3, '400238', 'INTERLON BLANCO 90GR X 200 PL', NULL),
(2366, 3, '400280', 'INTERLON BLANCO 90GR X 210 PL', NULL),
(2367, 3, '400315', 'INTERLON BLANCO 90GR X 240 FH', NULL),
(2368, 3, '400316', 'INTERLON BLANCO 90GR X 240 PL', NULL),
(2369, 3, '400149', 'INTERLON BLANCO 90GRS X 110 CM   ', NULL),
(2370, 3, '410069', 'INTERLON NEGRO 50GR X 200 FH', NULL),
(2371, 3, '410048', 'INTERLON NEGRO 60GR X 160 PL', NULL),
(2372, 3, '410010', 'INTERLON NEGRO 70GR X 0.40 FH   ', NULL),
(2373, 3, '410059', 'INTERLON NEGRO 90GR X 160 FH', NULL),
(2374, 3, '410082', 'INTERLON NEGRO 90GR X 200 PL', NULL),
(2375, 3, '410120', 'INTERLON NEGRO 90GR X 240 PL', NULL),
(2376, 3, '470000', 'INTERLON ROJO 60GRX160 FH   ', NULL),
(2377, 3, '550000', 'INTERLON ROSADO 60GRX160 FH   ', NULL),
(2378, 3, '440000', 'INTERLON VERDE CALI 60GRX160 FH   ', NULL),
(2379, 3, '450000', 'INTERLON VERDE MANZANA 60GRX160 FH   ', NULL),
(2380, 3, '560000', 'INTERLON VERDE MENTA 60GRX160 FH   ', NULL),
(2381, 3, '101302', 'LIBRE   ', NULL),
(2382, 3, '410039', 'MAQUINA  EMPACADORA AL VACIO 2', NULL),
(2383, 3, '310101', 'MAQUINA  EMPACADORA AL VACIO   ', NULL),
(2384, 3, '30705', 'PELETIZADO - POLIPROPILENO NEGRO   ', NULL),
(2385, 3, '30704', 'PELETIZADO - POLIPROPILENO TRANSPARENTE   ', NULL),
(2386, 3, '30517', 'PLASTICO PRECORTE 100X150 CALIBRE 3 AGUAP (FH)   ', NULL),
(2387, 3, '30512', 'PLASTICO PRECORTE 100X155 CALIBRE 3  AGUAP (QM)   ', NULL),
(2388, 3, '30519', 'PLASTICO PRECORTE 75X100 CALIBRE 3.5 AGUAP ( PHTX)   ', NULL),
(2389, 3, '30504', 'PLASTICO PRECORTE 80X106 CALIBRE 3.5 AGUAP (PHTX)   ', NULL),
(2390, 3, '30515', 'PLASTICO PRECORTE 86X130 CALIBRE 3.5 AGUAP ( PHTX)   ', NULL),
(2391, 3, '30208', 'PLASTICO TUBULAR AGUAPANELO DE 100 CM ANCHO CALIBRE 3.5 (SM)   ', NULL),
(2392, 3, '30204', 'PLASTICO TUBULAR AGUAPANELO DE 97 CM ANCHO CALIBRE 3 (VTA)', NULL),
(2393, 3, '290103', 'PLUMON DOBLE   ', NULL),
(2394, 3, '290108', 'PLUMON KING   ', NULL),
(2395, 3, '290104', 'PLUMON QUENN   ', NULL),
(2396, 3, '290102', 'PLUMON SEMIDOBLE   ', NULL),
(2397, 3, '290101', 'PLUMON SENCILLO   ', NULL),
(2398, 3, '210203', 'PROTECTOR 100X190 BANDA 25 DACRON BLANCA', NULL),
(2399, 3, '210902', 'PROTECTOR 100X190 BANDA 35  IMPERMEABLE', NULL),
(2400, 3, '214100', 'PROTECTOR 100X19O BANDA 45 CM INTERLON   ', NULL),
(2401, 3, '210205', 'PROTECTOR 120X190 BANDA 25 DACRON BLANCA', NULL),
(2402, 3, '214101', 'PROTECTOR 120X19O BANDA 45 CM INTERLON   ', NULL),
(2403, 3, '210207', 'PROTECTOR 140X190 BANDA 25 DACRON BLANCA', NULL),
(2404, 3, '210307', 'PROTECTOR 140X190 BANDA 35 DACRON BLANCA', NULL),
(2405, 3, '214102', 'PROTECTOR 140X19O BANDA 45 CM INTERLON   ', NULL),
(2406, 3, '210315', 'PROTECTOR 160X190 BANDA 35 BLANCO ULTRASONIDO   ', NULL),
(2407, 3, '210415', 'PROTECTOR 160X190 BANDA 45 BLANCO ULTRASONIDO   ', NULL),
(2408, 3, '214103', 'PROTECTOR 160X19O BANDA 45 CM INTERLON   ', NULL),
(2409, 3, '210416', 'PROTECTOR 200X200 BANDA 45 BLANCO ULTRASONIDO   ', NULL),
(2410, 3, '214104', 'PROTECTOR 200X20O BANDA 45 CM INTERLON   ', NULL),
(2411, 3, '60406', 'SENSORES  DE ACOLCHADORA   ', NULL),
(2412, 3, '500107', 'SERVICIO DE ACOLCHADO DE TELA REF: ROYAL   ', NULL),
(2413, 3, '500106', 'SERVICIO DE ACOLCHADO TELA : REF: ALLEGRO   ', NULL),
(2414, 3, '500105', 'SERVICIO DE ACOLCHADO TELA REF: SOFFI   ', NULL),
(2415, 3, '500110', 'SERVICIO DE CONFECCION  PUFF PERA:REF:  TRAFFIC   ', NULL),
(2416, 3, '500103', 'SERVICIO DE CONFECCION  Y EMPAQUE   ', NULL),
(2417, 3, '280107', 'SERVICIO DE CONFECCION DE CUBRELECHO   ', NULL),
(2418, 3, '500111', 'SERVICIO DE CONFECCION DE JUEGO SABANAS SENCILLA REF FIORENZA   ', NULL),
(2419, 3, '280108', 'SERVICIO DE LLENADO   ', NULL),
(2420, 3, '500109', 'SERVICIO DE TOQUELADO   ', NULL),
(2421, 3, '280104', 'SERVICIOS GENERALES   ', NULL),
(2422, 3, '10813', 'SILICONADO 10 KL TIPO PLUMA ABIERTO   ', NULL),
(2423, 3, '10801', 'SILICONADO 300 GR NACIONAL ABIERTO', NULL),
(2424, 3, '10124', 'SILICONADO PACA 15 X 32MM   ', NULL),
(2425, 3, '10109', 'SILICONADO PACA 7X32 KE   ', NULL),
(2426, 3, '20302', 'TELA DEMIN   ', NULL),
(2427, 3, '20236', 'TELA GENERO 2.40 NO GARANTIZADA SERIO ESTAMP JC   ', NULL),
(2428, 3, '20264', 'TELA GENERO 240 EMBOSADA FC   ', NULL),
(2429, 3, '20802', 'TELA JACKAR 220 DE PUNTO BEIGE PTP', NULL),
(2430, 3, '20303', 'TELA NAUTICA   ', NULL),
(2431, 3, '20269', 'TELA POR KILOS LF POLIESTER SEMI IMPERMEABLE   ', NULL),
(2432, 3, '10603', 'TN PACA RP   ', NULL),
(2433, 3, '10605', 'TN PCA 2.5 TELARANA   ', NULL),
(4290, 2, 'r-4', 'ajsajsans ajsaa siana a kaba s ajsa  ajdabd sf s', NULL),
(4291, 2, 'asa', 'as', NULL),
(4292, 2, '12', 'as', NULL),
(4293, 2, 'asas', '1212', NULL),
(4294, 2, '12121212', 'afasfdas', NULL),
(4295, 2, '52323', 'aaasasas', NULL),
(4296, 2, '10808', 'SILICONADO 10 KL CRESPO ABIERTO   ', NULL),
(4297, 2, '21025', 'ACOLCHADO CRETONA INFANTIL EN ESPUMA', NULL),
(4298, 2, '21042', 'ACOLCHADO CRETONA SERIA EN 2 ESPUMAS   ', NULL),
(4299, 2, '21053', 'ACOLCHADO CRETONA SERIA EN 2 GUATAS', NULL),
(4300, 2, '21024', 'ACOLCHADO CRETONA SERIA EN ESPUMA', NULL),
(4301, 2, '21026', 'ACOLCHADO CRETONA SERIA EN GUATA', NULL),
(4302, 2, '21001', 'ACOLCHADO DACRON BLANCO', NULL),
(4303, 2, '21002', 'ACOLCHADO DACRON UNICOLOR', NULL),
(4304, 2, '21045', 'ACOLCHADO DOBLE FAZ SERIO GARANTIZADO   ', NULL),
(4305, 2, '21018', 'ACOLCHADO GARANTIZADO GENERO INFANTIL EN ESPUMA', NULL),
(4306, 2, '21017', 'ACOLCHADO GARANTIZADO GENERO SERIO EN ESPUMA', NULL),
(4307, 2, '21015', 'ACOLCHADO GARANTIZADO GENERO SERIO EN GUATA', NULL),
(4308, 2, '21005', 'ACOLCHADO GENERO BLANCO DE 240', NULL),
(4309, 2, '21040', 'ACOLCHADO GENERO EMBOSADO BLANCO   ', NULL),
(4310, 2, '21041', 'ACOLCHADO GENERO EMBOSADO UNICOLOR   ', NULL),
(4311, 2, '21007', 'ACOLCHADO GENERO UNICOLOR DE 240', NULL),
(4312, 2, '21030', 'ACOLCHADO JACKAR DE PUNTO A 1 ESPUMAS', NULL),
(4313, 2, '21031', 'ACOLCHADO JACKAR DE PUNTO A 2 ESPUMAS', NULL),
(4314, 2, '21032', 'ACOLCHADO JACKAR DE PUNTO A 3 ESPUMAS', NULL),
(4315, 2, '21029', 'ACOLCHADO JACKAR UNICOLOR A 2 ESPUMAS   ', NULL),
(4316, 2, '21012', 'ACOLCHADO NO GARANTIZADO GENERO INFANTIL EN ESPUMA', NULL),
(4317, 2, '21009', 'ACOLCHADO NO GARANTIZADO GENERO SERIO EN GUATA', NULL),
(4318, 2, '201042', 'ACOLCHADO ULTRASONIDO BLANCO   ', NULL),
(4319, 2, '21038', 'ACOLCHADO ULTRASONIDO DOBLE FAZ BLANCO   ', NULL),
(4320, 2, '21051', 'ACOLCHADO ULTRASONIDO DOBLE FAZ EMBOSADO UNICOLOR   ', NULL),
(4321, 2, '21050', 'ACOLCHADO ULTRASONIDO DOBLE FAZ EST/EMB   ', NULL),
(4322, 2, '201043', 'ACOLCHADO ULTRASONIDO ESTAMPADO   ', NULL),
(4323, 2, '21055', 'ACOLCHADO ULTRASONIDO UNIFAZ EMBOSADO BLANCO   ', NULL),
(4324, 2, '21052', 'ACOLCHADO ULTRASONIDO UNIFAZ EMBOSADO UNICOLOR   ', NULL),
(4325, 2, '190701', 'ALMOHADA 100X50 BLANCA   ', NULL),
(4326, 2, '190101', 'ALMOHADA 25X35 BLANCA', NULL),
(4327, 2, '190104', 'ALMOHADA 30X45 BLANCA   ', NULL),
(4328, 2, '190204', 'ALMOHADA 60X40  ESTAMPADA ANGELICAL ', NULL),
(4329, 2, '190205', 'ALMOHADA 60X40 ACOLCHADA ESTAMPADA ANGELICAL', NULL),
(4330, 2, '190208', 'ALMOHADA 60X40 BLANCA DAYCRON SET X 2', NULL),
(4331, 2, '190202', 'ALMOHADA 60X40 BLANCA ANGELICAL SILICONADA   ', NULL),
(4332, 2, '190214', 'ALMOHADA 60X40 BLANCA BOLSA TRASPARENTE   ', NULL),
(4333, 2, '190201', 'ALMOHADA 60X40 BLANCA CORRIENTE ANGELICAL ', NULL),
(4334, 2, '190203', 'ALMOHADA 60X40 UNICOLOR ANGELICAL ', NULL),
(4335, 2, '190309', 'ALMOHADA 65X45 BLANCA REALTEX   ', NULL),
(4336, 2, '190303', 'ALMOHADA 65X45 BLANCA CASA DOBLE FORRO', NULL),
(4337, 2, '190308', 'ALMOHADA 65X45 BLANCA DF REALTEX SILICONADA   ', NULL),
(4338, 2, '190307', 'ALMOHADA 65X45 BLANCA REALTEX SILICONADA   ', NULL),
(4339, 2, '190306', 'ALMOHADA 65X45 SILICONADA BOLSA TRASPARENTE   ', NULL),
(4340, 2, '190302', 'ALMOHADA 65X45 UNICOLOR REALTEX   ', NULL),
(4341, 2, '190305', 'ALMOHADA 65X45 UNICOLR ARCOIRIS   ', NULL),
(4342, 2, '190441', 'ALMOHADA 70X50 ESTAMPADA FOAM COTTON   ', NULL),
(4343, 2, '190429', 'ALMOHADA 70X50 BLANCA ROYAL PILLOW SETX2   ', NULL),
(4344, 2, '190421', 'ALMOHADA 70X50 BLANCA STALLOFILTEX SILICONADA   ', NULL),
(4345, 2, '190412', 'ALMOHADA 70X50 BLANCA SOFI', NULL),
(4346, 2, '190419', 'ALMOHADA 70X50 BLANCA INTERLON   ', NULL),
(4347, 2, '190414', 'ALMOHADA 70X50 BLANCA LINDA SOFT ', NULL),
(4348, 2, '190403', 'ALMOHADA 70X50 BLANCA MENTA', NULL),
(4349, 2, '190422', 'ALMOHADA 70X50 BLANCA MENTAL BOLSA PVC   ', NULL),
(4350, 2, '190427', 'ALMOHADA 70X50 BLANCA PLUMA SINTETICA BOLSA PVC   ', NULL),
(4351, 2, '190426', 'ALMOHADA 70X50 BLANCA SAMITEX   ', NULL),
(4352, 2, '190413', 'ALMOHADA 70X50 BLANCA SETX2 DYCRON ', NULL),
(4353, 2, '190411', 'ALMOHADA 70X50 BLANCA SETX2 STALLOFILTEX', NULL),
(4354, 2, '190439', 'ALMOHADA 70X50 ESTAMPADA CTE MC SIN BOLSA   ', NULL),
(4355, 2, '190410', 'ALMOHADA 75X50 AMERICAN GOLD   ', NULL),
(4356, 2, '190503', 'ALMOHADA 75X50 BLANCA SAMYTEX   ', NULL),
(4357, 2, '190502', 'ALMOHADA 75X50 CASA   ', NULL),
(4358, 2, '190505', 'ALMOHADA 80X50 BLANCA SILICONADA   ', NULL),
(4359, 2, '190602', 'ALMOHADA 90X50 BLANCA BOLSA TRASPARENTE   ', NULL),
(4360, 2, '190603', 'ALMOHADA 90X50 BLANCA PLUMA   ', NULL),
(4361, 2, '190601', 'ALMOHADA 90X50 BLANCA ROYAL PILLOW', NULL),
(4362, 2, '10302', 'BICOMPONENTE FH', NULL),
(4363, 2, '10301', 'BICOMPONENTE KE   ', NULL),
(4364, 2, '40303', 'BOLSA 120X180 CALIBRE 3 (FH) AGUP', NULL),
(4365, 2, '40304', 'BOLSA 120X220 CALIBRE 3 (FH) AGUP', NULL),
(4366, 2, '40305', 'BOLSA 160X220 CALIBRE 3 (FH)   ', NULL),
(4367, 2, '40101', 'BOLSA 60X40 ANGELICAL ', NULL),
(4368, 2, '40104', 'BOLSA 60X40 RELAX SWIFT', NULL),
(4369, 2, '40115', 'BOLSA 65X45 CASA', NULL),
(4370, 2, '40114', 'BOLSA 65X45 REALTEX', NULL),
(4371, 2, '40122', 'BOLSA 70X50 FOAM COTTON', NULL),
(4372, 2, '40126', 'BOLSA 70X50 LINDA SOFT', NULL),
(4373, 2, '40125', 'BOLSA 70X50 MENTA', NULL),
(4374, 2, '40127', 'BOLSA 70X50 QUALLOFIL', NULL),
(4375, 2, '40128', 'BOLSA 70X50 STALLOFILTEX', NULL),
(4376, 2, '40140', 'BOLSA 75X50 AMERICAN GOLD', NULL),
(4377, 2, '40132', 'BOLSA 75X50 CASA', NULL),
(4378, 2, '40207', 'BOLSA ESTAMPADA FH INTERLON   ', NULL),
(4379, 2, '40201', 'BOLSA ESTAMPADA MIL USOS 500 GR AZUL2', NULL),
(4380, 2, '40413', 'BOLSA INTERLON FH   ', NULL),
(4381, 2, '40406', 'BOLSA PVC ALMOHADA 70X50', NULL),
(4382, 2, '40402', 'BOLSA PVC CUBRELECHO', NULL),
(4383, 2, '40412', 'BOLSA PVC PROTECTOR GRANDE', NULL),
(4384, 2, '40411', 'BOLSA PVC PROTECTOR MEDIANO', NULL),
(4385, 2, '40410', 'BOLSA PVC PROTECTOR PEQUENO', NULL),
(4386, 2, '40401', 'BOLSA PVC SABANA   ', NULL),
(4387, 2, '20501', 'BRIONI NEGRO', NULL),
(4388, 2, '50103', 'CANECA POLIMERICO CH', NULL),
(4389, 2, '50101', 'CANECA POLIOL CH', NULL),
(4390, 2, '50102', 'CANECA POLIOL KR', NULL),
(4391, 2, '50105', 'CANECA TDI', NULL),
(4392, 2, '50106', 'CANECA VACIA   ', NULL),
(4393, 2, '60302', 'CAUCHO POR 100 METROS', NULL),
(4394, 2, '60301', 'CAUCHO POR KILO', NULL),
(4395, 2, '60405', 'CINTA COLCHON UNICOLOR   ', NULL),
(4396, 2, '60402', 'CINTA DE COLCHON BLANCA', NULL),
(4397, 2, '60401', 'CINTA DE COLCHON CAFÉ', NULL),
(4398, 2, '260102', 'COBIJA COBISUEÑO PROMOCION   ', NULL),
(4399, 2, '260201', 'COBIJA DOBLE BAHAMA', NULL),
(4400, 2, '260202', 'COBIJA DOBLE CAMIRTEX', NULL),
(4401, 2, '260101', 'COBIJA VIAJERA  ESTAMPADA PROMOCION ', NULL),
(4402, 2, '260103', 'COBIJA VIAJERA PIEL DE PIÑA   ', NULL),
(4403, 2, '200101', 'COJIN 40X40 CORRIENTE  INTERLON   ', NULL),
(4404, 2, '200209', 'COJIN 40X40 CORRIENTE COBIJA ', NULL),
(4405, 2, '200203', 'COJIN 40X40 CORRIENTE ESTAMPADO  ', NULL),
(4406, 2, '200207', 'COJIN 40X40 CORRIENTE NAVIDENO', NULL),
(4407, 2, '200204', 'COJIN 40X40 SILICONADO ESTAMPADO', NULL),
(4408, 2, '200214', 'COJIN 40X40 SILICONADO INTERLON   ', NULL),
(4409, 2, '200208', 'COJIN 40X40 SILICONADO NAVIDENO ', NULL),
(4410, 2, '200404', 'COJIN 40X40X30 TV BLANCO SILICONADO   ', NULL),
(4411, 2, '200111', 'COJIN 42X45 SILICONADO INTERLON   ', NULL),
(4412, 2, '200103', 'COJIN 45X45 CORRIENTE  INTERLON', NULL),
(4413, 2, '200302', 'COJIN 45X45 CORRIENTE BENNETON ', NULL),
(4414, 2, '200308', 'COJIN 45X45 CORRIENTE NAVIDENO', NULL),
(4415, 2, '200306', 'COJIN 45X45 CORRIENTE YACKAR', NULL),
(4416, 2, '200314', 'COJIN 45X45 CUEROTEX INTERLON   ', NULL),
(4417, 2, '200312', 'COJIN 45X45 ESTAMPADO EN CUEROTEX  CREMALLERA   ', NULL),
(4418, 2, '200301', 'COJIN 45X45 SILICONADO BENNETON', NULL),
(4419, 2, '200309', 'COJIN 45X45 SILICONADO COBIJA ', NULL),
(4420, 2, '200303', 'COJIN 45X45 SILICONADO ESTAMPADO  ', NULL),
(4421, 2, '200104', 'COJIN 45X45 SILICONADO INTERLON', NULL),
(4422, 2, '200503', 'COJIN 45X45X35 TV  ESTAMPADO', NULL),
(4423, 2, '200105', 'COJIN 47X47 CORRIENTE INTERLON', NULL),
(4424, 2, '200315', 'COJIN 47X47 CUEROTEX INTERLON   ', NULL),
(4425, 2, '200106', 'COJIN 47X47 SILICONADO INTERLON', NULL),
(4426, 2, '200113', 'COJIN 50X30 SILICONADO INTERLON   ', NULL),
(4427, 2, '200211', 'COJIN 50X35  SILICONADO INTERLON   ', NULL),
(4428, 2, '200107', 'COJIN 50X50 CORRIENTE INTERLON', NULL),
(4429, 2, '200108', 'COJIN 50X50 SILICONADO INTERLON', NULL),
(4430, 2, '200115', 'COJIN 50X50 SILICONADO INTERLON   ', NULL),
(4431, 2, '200112', 'COJIN 60X60 SILICONADO INTERLON   ', NULL),
(4432, 2, '290105', 'COLCHON 100X190   ', NULL),
(4433, 2, '290106', 'COLCHON 120X190   ', NULL),
(4434, 2, '290107', 'COLCHON 140X190   ', NULL),
(4435, 2, '270102', 'CORTINA TIPO GALLETA   ', NULL),
(4436, 2, '270101', 'CORTINA YACKAR J.R   ', NULL),
(4437, 2, '70101', 'CREMALLERA BLANCA # 3   ', NULL),
(4438, 2, '70111', 'CREMALLERA BLANCA # 5   ', NULL),
(4439, 2, '70102', 'CREMALLERA BLANCA # 7   ', NULL),
(4440, 2, '20703', 'CRETONA INFANTIL FH 210 CM   ', NULL),
(4441, 2, '20702', 'CRETONA SERIA FH 210 CM   ', NULL),
(4442, 2, '20704', 'CRETONA SERIA KG 210 CM   ', NULL),
(4443, 2, '20701', 'CRETONA SERIA PT 210 CM   ', NULL),
(4444, 2, '20705', 'CRETONA SERIA TS 240 CM   ', NULL),
(4445, 2, '250215', 'CUBRELECHO COBIJA DOBLE TS   ', NULL),
(4446, 2, '250208', 'CUBRELECHO DOBLE BLANCO ACOLCHADO ULTRASONIDO   ', NULL),
(4447, 2, '250209', 'CUBRELECHO DOBLE BLANCO UNIFAZ ULTRASONIDO   ', NULL),
(4448, 2, '250217', 'CUBRELECHO DOBLE COBIJA DOBLE FAZ   ', NULL),
(4449, 2, '250205', 'CUBRELECHO DOBLE EQUIPOS   ', NULL),
(4450, 2, '250207', 'CUBRELECHO DOBLE ESTAMPADO  ULTRASONIDO   ', NULL),
(4451, 2, '250210', 'CUBRELECHO DOBLE ESTAMPADO INFANTIL   ', NULL),
(4452, 2, '250214', 'CUBRELECHO DOBLE ESTAMPADO ULTRASONIDO CON EMBONE', NULL),
(4453, 2, '250212', 'CUBRELECHO DOBLE INFANTIL PROMOCION   ', NULL),
(4454, 2, '250203', 'CUBRELECHO DOBLE JACKARD   ', NULL),
(4455, 2, '250206', 'CUBRELECHO DOBLE LONA   ', NULL),
(4456, 2, '250216', 'CUBRELECHO DOBLE OVEJERO ESTAMPADO   ', NULL),
(4457, 2, '250211', 'CUBRELECHO DOBLE PROMOCION   ', NULL),
(4458, 2, '250201', 'CUBRELECHO DOBLE SERIO ESTAMPADO   ', NULL),
(4459, 2, '250204', 'CUBRELECHO DOBLE SERIO ESTAMPADO + SABANA   ', NULL),
(4460, 2, '250213', 'CUBRELECHO DOBLE UNICOLOR ACOLCHADO ULTRASONIDO   ', NULL),
(4461, 2, '250401', 'CUBRELECHO KING SERIO ESTAMPADO   ', NULL),
(4462, 2, '250502', 'CUBRELECHO PLUMON DOBLE', NULL),
(4463, 2, '250306', 'CUBRELECHO QUEEN ULTRASONIDO UNICOLOR   ', NULL),
(4464, 2, '250604', 'CUBRELECHO SEMIDOBLE ESTAMPADO ULTRASONIDO CON EMBONE   ', NULL),
(4465, 2, '250113', 'CUBRELECHO SEMIDOBLE ULTRASONIDO UNICOLOR   ', NULL),
(4466, 2, '250107', 'CUBRELECHO SENCILLO BLANCO ULTRASONIDO   ', NULL),
(4467, 2, '250105', 'CUBRELECHO SENCILLO EQUIPO   ', NULL),
(4468, 2, '250108', 'CUBRELECHO SENCILLO ESTAMPADO ULTRASONIDO   ', NULL),
(4469, 2, '250112', 'CUBRELECHO SENCILLO ESTAMPADO ULTRASONIDO CON EMBONE', NULL),
(4470, 2, '250114', 'CUBRELECHO SENCILLO INFALTIL + SABANA   ', NULL),
(4471, 2, '250103', 'CUBRELECHO SENCILLO INFANTIL COBIJA', NULL),
(4472, 2, '250102', 'CUBRELECHO SENCILLO INFANTIL ESTAMPADO', NULL),
(4473, 2, '250110', 'CUBRELECHO SENCILLO PROMOCION   ', NULL),
(4474, 2, '250101', 'CUBRELECHO SENCILLO SERIO ESTAMPADO', NULL),
(4475, 2, '250111', 'CUBRELECHO SENCILLO UNICOLOR ACOLCHADO ULTRASONIDO   ', NULL),
(4476, 2, '20101', 'DACRON BLANCO LISO', NULL),
(4477, 2, '70211', 'DESLIZADOR BLANCO # 5   ', NULL),
(4478, 2, '70201', 'DESLIZADOR NIQUELADO # 3   ', NULL),
(4479, 2, '70212', 'DESLIZADOR NIQUELADO # 5   ', NULL),
(4480, 2, '70202', 'DESLIZADOR NIQUELADO # 7   ', NULL),
(4481, 2, '50206', 'ESPUMA CONTINUA 9MM', NULL),
(4482, 2, '80208', 'ETIQUETA PROTECTOR DE SAMITEX', NULL),
(4483, 2, '80202', 'ETIQUETA SABANA LA ADMIRABLE', NULL),
(4484, 2, '80201', 'ETIQUETA SABANA LA PODEROSA', NULL),
(4485, 2, '180307', 'FORRO 40X40 COJIN CUEROTEX   ', NULL),
(4486, 2, '180102', 'FORRO 40X40 COJIN INTERLON   ', NULL),
(4487, 2, '180301', 'FORRO 45X45 COJIN BENNETON', NULL),
(4488, 2, '180104', 'FORRO 47X47 COJIN INTERLON', NULL),
(4489, 2, '180105', 'FORRO 50X50 COJIN INTERLON', NULL),
(4490, 2, '160506', 'FORRO 70X50 ACOLCHADO ', NULL),
(4491, 2, '160501', 'FORRO 70X50 INTERLON', NULL),
(4492, 2, '160410', 'FORRO POR KILOS   ', NULL),
(4493, 2, '160419', 'FORRO SERVILLETA   ', NULL),
(4494, 2, '170902', 'FUNDA 45X45 ESTAMPADA  CUEROTEX   ', NULL),
(4495, 2, '170901', 'FUNDA 45X45 NAVIDEÑA   ', NULL),
(4496, 2, '170501', 'FUNDA 70X50 BLANCA', NULL),
(4497, 2, '170503', 'FUNDA 70X50 ESTAMPADA   ', NULL),
(4498, 2, '170502', 'FUNDA 70X50 UNICOLOR', NULL),
(4499, 2, '310500', 'GUARNICION FH   ', NULL),
(4500, 2, '20905', 'GUATA 100 X 160   ', NULL),
(4501, 2, '20928', 'GUATA 100 X 200X40   ', NULL),
(4502, 2, '20907', 'GUATA 100 X 250 X 50 MTS   ', NULL),
(4503, 2, '20908', 'GUATA 120 X 160   ', NULL),
(4504, 2, '20909', 'GUATA 120 X 210-220 X 40   ', NULL),
(4505, 2, '20910', 'GUATA 120 X 245 X 40   ', NULL),
(4506, 2, '20915', 'GUATA 160 X 245   ', NULL),
(4507, 2, '20916', 'GUATA 160X220X30   ', NULL),
(4508, 2, '20919', 'GUATA 180 X 165   ', NULL),
(4509, 2, '20920', 'GUATA 180 X 245   ', NULL),
(4510, 2, '20921', 'GUATA 200 X 210   ', NULL),
(4511, 2, '20931', 'GUATA 300 X245X24 MTR   ', NULL),
(4512, 2, '20901', 'GUATA 80 X 165 X 66   ', NULL),
(4513, 2, '20923', 'GUATA 80 X 215 X 70   ', NULL),
(4514, 2, '20902', 'GUATA 80 X 245 X 60   ', NULL),
(4515, 2, '60108', 'HILAZA  DOS CABOS   ', NULL),
(4516, 2, '60109', 'HILAZA TRES CABOS   ', NULL),
(4517, 2, '60104', 'HILO ACOLCHADORA   ', NULL),
(4518, 2, '60101', 'HILO BLANCO  50 (5000 YDS)   ', NULL),
(4519, 2, '60102', 'HILO BLANCO  75 (5000 YDS)   ', NULL),
(4520, 2, '60103', 'HILO BLANCO 120 (10000 YDS)   ', NULL),
(4521, 2, '60105', 'HILO COCON   ', NULL),
(4522, 2, '60106', 'HILO COLORES 120(1000 YARDAS)   ', NULL),
(4523, 2, '10902', 'HUECA 10 KL ABIERTA', NULL),
(4524, 2, '10903', 'HUECA 5  KL ABIERTA   ', NULL),
(4525, 2, '10901', 'HUECA 500 GR ABIERTA', NULL),
(4526, 2, '10211', 'HUECA PACA 15 X   FH EHW   ', NULL),
(4527, 2, '10210', 'HUECA PACA 15 X 64  EK RC 1A   ', NULL),
(4528, 2, '10216', 'HUECA PACA 15 X 64 FH   ', NULL),
(4529, 2, '10209', 'HUECA PACA 15X64 EKFF   ', NULL),
(4530, 2, '11102', 'HUGGIS 15 KL ABIERTO   ', NULL),
(4531, 2, '420000', 'INTERLON AZUL OSCURO 60GRX160 FH   ', NULL),
(4532, 2, '520000', 'INTERLON BEIGE 60GRX160 FH   ', NULL),
(4533, 2, '400284', 'INTERLON BLANCO 100GR X 210 FH   ', NULL),
(4534, 2, '400152', 'INTERLON BLANCO 100GR X 80 FH   ', NULL),
(4535, 2, '400157', 'INTERLON BLANCO 13GR X 150 FH   ', NULL),
(4536, 2, '400181', 'INTERLON BLANCO 13GR X 160 FH   ', NULL),
(4537, 2, '400249', 'INTERLON BLANCO 13GR X 210 FH', NULL),
(4538, 2, '400250', 'INTERLON BLANCO 13GR X 210 PL', NULL),
(4539, 2, '400251', 'INTERLON BLANCO 17GR X 210-230 FH   ', NULL),
(4540, 2, '400328', 'INTERLON BLANCO 27 X 52-  60 CM   ', NULL),
(4541, 2, '400189', 'INTERLON BLANCO 27GR X 160 FH   ', NULL),
(4542, 2, '400291', 'INTERLON BLANCO 27GR X 240 FH', NULL),
(4543, 2, '400292', 'INTERLON BLANCO 27GR X 240 PL', NULL),
(4544, 2, '400324', 'INTERLON BLANCO 27GR X 260 FH   ', NULL),
(4545, 2, '400193', 'INTERLON BLANCO 30GR X 160 FH   ', NULL),
(4546, 2, '400194', 'INTERLON BLANCO 30GR X 160 PL   ', NULL),
(4547, 2, '400222', 'INTERLON BLANCO 30GR X 200 FH', NULL),
(4548, 2, '400264', 'INTERLON BLANCO 30GR X 210 - 220 FH   ', NULL),
(4549, 2, '400298', 'INTERLON BLANCO 30GR X 240 PL   ', NULL),
(4550, 2, '400327', 'INTERLON BLANCO 30GR X 260 PL   ', NULL),
(4551, 2, '400191', 'INTERLON BLANCO 30GR X 60  FH   ', NULL),
(4552, 2, '400192', 'INTERLON BLANCO 40GR X 160 FH   ', NULL),
(4553, 2, '400269', 'INTERLON BLANCO 40GR X 210-215 FH   ', NULL),
(4554, 2, '400303', 'INTERLON BLANCO 40GR X 240 FH', NULL),
(4555, 2, '400142', 'INTERLON BLANCO 50 GRS X 160 FH   ', NULL),
(4556, 2, '400153', 'INTERLON BLANCO 50GR X 110 FH   ', NULL),
(4557, 2, '400286', 'INTERLON BLANCO 50GR X 210 FH   ', NULL),
(4558, 2, '400195', 'INTERLON BLANCO 70GR X 160  FH   ', NULL),
(4559, 2, '400232', 'INTERLON BLANCO 70GR X 200 FH', NULL),
(4560, 2, '400233', 'INTERLON BLANCO 70GR X 200 PL', NULL),
(4561, 2, '400274', 'INTERLON BLANCO 70GR X 210- 220 FH   ', NULL),
(4562, 2, '400275', 'INTERLON BLANCO 70GR X 210 PL', NULL),
(4563, 2, '400237', 'INTERLON BLANCO 90GR X 200 FH', NULL),
(4564, 2, '400279', 'INTERLON BLANCO 90GR X 210 FH', NULL),
(4565, 2, '500002', 'INTERLON COLORES 70 GRS X 160   ', NULL),
(4566, 2, '500000', 'INTERLON FUCSIA 60GRX160 FH   ', NULL),
(4567, 2, '490000', 'INTERLON GRIS 60GRX160 FH   ', NULL),
(4568, 2, '570000', 'INTERLON HUESO 60GRS X 160 FH   ', NULL),
(4569, 2, '510000', 'INTERLON LILA 60GRX160 FH   ', NULL),
(4570, 2, '530000', 'INTERLON MORADO 60GRX160 FH   ', NULL),
(4571, 2, '480000', 'INTERLON NARANJA 60GRX160 FH   ', NULL),
(4572, 2, '410064', 'INTERLON NEGRO 100GR X 160 FH', NULL),
(4573, 2, '410041', 'INTERLON NEGRO 50GR X 160 FH', NULL),
(4574, 2, '410050', 'INTERLON NEGRO 60 CM X 240 CM   ', NULL),
(4575, 2, '410026', 'INTERLON NEGRO 60GR X 0.80 FH   ', NULL),
(4576, 2, '410047', 'INTERLON NEGRO 60GR X 160 FH', NULL),
(4577, 2, '410014', 'INTERLON NEGRO 70 GRS X 160   ', NULL),
(4578, 2, '410005', 'INTERLON NEGRO 70GR X 0.16 FH   ', NULL),
(4579, 2, '410028', 'INTERLON NEGRO 70GR X 115 FH   ', NULL),
(4580, 2, '410029', 'INTERLON NEGRO 70GR X 125 FH   ', NULL),
(4581, 2, '410053', 'INTERLON NEGRO 70GR X 160 FH   ', NULL),
(4582, 2, '410075', 'INTERLON NEGRO 70GR X 200 FH', NULL),
(4583, 2, '410076', 'INTERLON NEGRO 70GR X 200 PL   ', NULL),
(4584, 2, '410094', 'INTERLON NEGRO 70GR X 210 FH', NULL),
(4585, 2, '410095', 'INTERLON NEGRO 70GR X 210 PL', NULL),
(4586, 2, '410113', 'INTERLON NEGRO 70GR X 240 FH', NULL),
(4587, 2, '410027', 'INTERLON NEGRO 70GR X 80 FH', NULL),
(4588, 2, '410081', 'INTERLON NEGRO 90GR X 200 FH', NULL),
(4589, 2, '410100', 'INTERLON NEGRO 90GR X 210 FH', NULL),
(4590, 2, '60107', 'LIBRE   ', NULL),
(4591, 2, '40500', 'LIBRE   ', NULL),
(4592, 2, '20108', 'LIBRE   ', NULL),
(4593, 2, '310103', 'MAQUINA CORTADORA DE POLITEX   ', NULL),
(4594, 2, '11305', 'MEZCLA DE MILCOLOR + CRESPO 15   ', NULL),
(4595, 2, '11302', 'MEZCLA HUECA FH + TEXTURIZADO=CONSUMO ALMOHADAS   ', NULL),
(4596, 2, '11306', 'MEZCLA TEXTURIZADOB+ SILICONADO VD   ', NULL),
(4597, 2, '11101', 'MILCOLOR 15 KL ABIERTO ', NULL),
(4598, 2, '10402', 'MILCOLOR PACA', NULL),
(4599, 2, '30401', 'PLASTICO PRECORTADO NEGRO 52X72 CALIBRE 2 (KR)', NULL),
(4600, 2, '30402', 'PLASTICO PRECORTADO NEGRO 80X150 CALIBRE 3 (LM)   ', NULL),
(4601, 2, '30403', 'PLASTICO PRECORTADO NEGRO 80X240 CALIBRE 4 (LM)   ', NULL),
(4602, 2, '30612', 'PLASTICO PRECORTADO ORG 150 X 220CALIBRE 4   ', NULL),
(4603, 2, '30604', 'PLASTICO PRECORTADO ORG 50X72 CALIBRE 2 (FH-CLN)   ', NULL),
(4604, 2, '30609', 'PLASTICO PRECORTADO ORG 88 X 132 X CALIBRE 4   ', NULL),
(4605, 2, '30518', 'PLASTICO PRECORTE 100X140 CALIBRE 3 AGUAP   ', NULL),
(4606, 2, '30509', 'PLASTICO PRECORTE 120X150 CALIBRE 3 AGUAP   ', NULL),
(4607, 2, '30510', 'PLASTICO PRECORTE 120X220 CALIBRE 3 AGUAP (FH-UR)   ', NULL),
(4608, 2, '30511', 'PLASTICO PRECORTE 160X220 CALIBRE 4 AGUAP (YR)   ', NULL),
(4609, 2, '30514', 'PLASTICO PRECORTE 80X100 CALIBRE 3 AGUAP (YR)   ', NULL),
(4610, 2, '30508', 'PLASTICO PRECORTE 97X165 CALIBRE 3 AGUAP (FH-UR)   ', NULL),
(4611, 2, '30205', 'PLASTICO TUBULAR AGUAPANELO DE 120 CM ANCHO CALIBRE 3 (VTA)', NULL),
(4612, 2, '30207', 'PLASTICO TUBULAR AGUAPANELO DE 160 CM ANCHO CALIBRE 3 (FH)   ', NULL),
(4613, 2, '30209', 'PLASTICO TUBULAR AGUAPANELO DE 200 CM ANCHO CALIBRE 3.5 (TS)   ', NULL),
(4614, 2, '10701', 'PLUMAS PACA DE GANZO', NULL),
(4615, 2, '210802', 'PROTECTOR 100X190 BANDA 25  IMPERMEABLE', NULL),
(4616, 2, '210210', 'PROTECTOR 100X190 BANDA 25 BLANCO ULTRASONIDO   ', NULL),
(4617, 2, '210204', 'PROTECTOR 100X190 BANDA 25 GENERO BLANCA', NULL),
(4618, 2, '210504', 'PROTECTOR 100X190 BANDA 25 GENERO UNICOLOR', NULL),
(4619, 2, '210304', 'PROTECTOR 100X190 BANDA 35 GENERO BLANCA', NULL),
(4620, 2, '210803', 'PROTECTOR 120X190 BANDA 25  IMPERMEABLE', NULL),
(4621, 2, '210211', 'PROTECTOR 120X190 BANDA 25 BLANCO ULTRASONIDO   ', NULL),
(4622, 2, '210206', 'PROTECTOR 120X190 BANDA 25 GENERO BLANCA', NULL),
(4623, 2, '210506', 'PROTECTOR 120X190 BANDA 25 GENERO UNICOLOR', NULL),
(4624, 2, '212002', 'PROTECTOR 120X190 BANDA 25 IMPERMEABLE ESTAMPADO   ', NULL),
(4625, 2, '210306', 'PROTECTOR 120X190 BANDA 35 GENERO BLANCA', NULL),
(4626, 2, '210606', 'PROTECTOR 120X190 BANDA 35 GENERO UNICOLOR', NULL),
(4627, 2, '210208', 'PROTECTOR 140X190 BANDA 25 GENERO BLANCA', NULL),
(4628, 2, '210508', 'PROTECTOR 140X190 BANDA 25 GENERO UNICOLOR', NULL),
(4629, 2, '212003', 'PROTECTOR 140X190 BANDA 25 IMPERMEABLE ESTAMPADO   ', NULL),
(4630, 2, '210904', 'PROTECTOR 140X190 BANDA 35  IMPERMEABLE', NULL),
(4631, 2, '210308', 'PROTECTOR 140X190 BANDA 35 GENERO BLANCA', NULL),
(4632, 2, '210311', 'PROTECTOR 140X190 BANDA 35 GENERO BLANCO ULTRASONIDO   ', NULL),
(4633, 2, '210608', 'PROTECTOR 140X190 BANDA 35 GENERO UNICOLOR', NULL),
(4634, 2, '213003', 'PROTECTOR 140X190 BANDA 35 IMPERMEABLE ESTAMPADO   ', NULL),
(4635, 2, '211004', 'PROTECTOR 140X190 BANDA 45  IMPERMEABLE', NULL),
(4636, 2, '210309', 'PROTECTOR 160X190 BANDA 35 GENERO BLANCA', NULL),
(4637, 2, '210609', 'PROTECTOR 160X190 BANDA 35 GENERO UNICOLOR', NULL),
(4638, 2, '210905', 'PROTECTOR 160X190 BANDA 35 IMPERMEABLE', NULL),
(4639, 2, '210409', 'PROTECTOR 160X190 BANDA 45 GENERO BLANCA', NULL),
(4640, 2, '210709', 'PROTECTOR 160X190 BANDA 45 GENERO UNICOLOR', NULL),
(4641, 2, '211005', 'PROTECTOR 160X190 BANDA 45 IMPERMEABLE', NULL),
(4642, 2, '210310', 'PROTECTOR 200X200 BANDA 35 GENERO BLANCA', NULL),
(4643, 2, '210410', 'PROTECTOR 200X200 BANDA 45 GENERO BLANCA', NULL),
(4644, 2, '211006', 'PROTECTOR 200X200 BANDA 45 IMPERMEABLE', NULL),
(4645, 2, '210101', 'PROTECTOR 70X50 ALMOHADA BLANCA', NULL),
(4646, 2, '210103', 'PROTECTOR 70X50 ALMOHADA ESTAMPADA   ', NULL),
(4647, 2, '210806', 'PROTECTOR 70X50 ALMOHADA IMPER   ', NULL),
(4648, 2, '210102', 'PROTECTOR 70X50 ALMOHADA UNICOLOR', NULL),
(4649, 2, '210202', 'PROTECTOR 90X190 BANDA 25 GENERO BLANCA', NULL),
(4650, 2, '11217', 'RETAL DE CARTON   ', NULL),
(4651, 2, '11201', 'RETAL DE ESPUMA', NULL),
(4652, 2, '11205', 'RETAL DE GUATA ROLLO', NULL),
(4653, 2, '11209', 'RETAL DE PLASTICO', NULL),
(4654, 2, '11206', 'RETAL DE SABANA CUADROS', NULL),
(4655, 2, '11207', 'RETAL DE START ', NULL),
(4656, 2, '11204', 'RETAL DE TELA ACOLCHADA CON GUATA', NULL),
(4657, 2, '11203', 'RETAL DE TELA ACOLCHADA ESPUMA', NULL),
(4658, 2, '11210', 'RETAL ESPUMA PICADO CON TELA   ', NULL),
(4659, 2, '11211', 'RETAL PELUCHE   ', NULL),
(4660, 2, '220301', 'SABANA DE EQUIPO  JUE  ', NULL),
(4661, 2, '240706', 'SABANA DOBLE AJUSTABLE   ', NULL),
(4662, 2, '220102', 'SABANA DOBLE DE 25 BLANCA', NULL),
(4663, 2, '220205', 'SABANA DOBLE DE 25 BLANCA CON EMBONE   ', NULL),
(4664, 2, '240705', 'SABANA DOBLE DE 25 ESTAMPADA   ', NULL),
(4665, 2, '240707', 'SABANA DOBLE DE 25 ESTAMPADA INF   ', NULL),
(4666, 2, '240402', 'SABANA DOBLE DE 25 UNICOLOR CON CORDON   ', NULL),
(4667, 2, '240403', 'SABANA DOBLE DE 25 UNICOLOR GENERO   ', NULL),
(4668, 2, '220202', 'SABANA DOBLE DE 35 BLANCA', NULL),
(4669, 2, '240802', 'SABANA DOBLE DE 35 ESTAMPADA', NULL),
(4670, 2, '240502', 'SABANA DOBLE DE 35 UNICOLOR', NULL),
(4671, 2, '220204', 'SABANA KING DE 35 BLANCA', NULL),
(4672, 2, '240804', 'SABANA KING DE 35 ESTAMPADA', NULL),
(4673, 2, '240504', 'SABANA KING DE 35 UNICOLOR', NULL),
(4674, 2, '240304', 'SABANA KING DE 45 BLANCA', NULL),
(4675, 2, '240904', 'SABANA KING DE 45 ESTAMPADA', NULL),
(4676, 2, '240604', 'SABANA KING DE 45 UNICOLOR', NULL),
(4677, 2, '220203', 'SABANA QUEEN DE 35 BLANCA', NULL),
(4678, 2, '240803', 'SABANA QUEEN DE 35 ESTAMPADA', NULL),
(4679, 2, '240503', 'SABANA QUEEN DE 35 UNICOLOR', NULL),
(4680, 2, '240303', 'SABANA QUEEN DE 45 BLANCA', NULL),
(4681, 2, '240903', 'SABANA QUEEN DE 45 ESTAMPADA', NULL),
(4682, 2, '240603', 'SABANA QUEEN DE 45 UNICOLOR', NULL),
(4683, 2, '220103', 'SABANA SEMIDOBLE DE 25 BLANCA   ', NULL),
(4684, 2, '240704', 'SABANA SEMIDOBLE DE 25 ESTAMPADA   ', NULL),
(4685, 2, '240901', 'SABANA SENCILLA  45 ESTAMPADA', NULL),
(4686, 2, '220101', 'SABANA SENCILLA DE 25 BLANCA   ', NULL),
(4687, 2, '240701', 'SABANA SENCILLA DE 25 ESTAMPADA', NULL),
(4688, 2, '240702', 'SABANA SENCILLA DE 25 ESTAMPADA INF   ', NULL),
(4689, 2, '240401', 'SABANA SENCILLA DE 25 UNICOLOR', NULL),
(4690, 2, '220108', 'SABANAS 80X190 INTERLON   ', NULL),
(4691, 2, '20408', 'SEDA POLIESTER AZUL OSCURA   ', NULL),
(4692, 2, '20407', 'SEDA POLIESTER NEGRA   ', NULL),
(4693, 2, '20402', 'SEDA POLIESTER VERDE CALI', NULL),
(4694, 2, '280102', 'SERVICIO  TRANSPORTE PRESTADO POR FH   ', NULL),
(4695, 2, '280101', 'SERVICIO ACOLCHADO  PRESTADO POR FH   ', NULL),
(4696, 2, '280109', 'SERVICIO DE CORTE PRESTADO POR FH   ', NULL),
(4697, 2, '280105', 'SERVICIO DE PICADORA   ', NULL),
(4698, 2, '280103', 'SERVICIO DEAPERTURA  PRESTADO POR FH   ', NULL),
(4699, 2, '60601', 'SESGO UNICOLOR 4.8 CM   ', NULL),
(4700, 2, '10811', 'SILICONADO 10 KL ABIERTO   ', NULL),
(4701, 2, '10806', 'SILICONADO 10 KL CHINO ABIERTO', NULL),
(4702, 2, '10809', 'SILICONADO 10 KL FIBERBALL ABIERTO', NULL),
(4703, 2, '10805', 'SILICONADO 10 KL NACIONAL ABIERTO', NULL),
(4704, 2, '10812', 'SILICONADO 10 KL VERDE ABIERTO   ', NULL),
(4705, 2, '10803', 'SILICONADO 1000 GR  NACIONAL  ABIERTO   ', NULL),
(4706, 2, '10804', 'SILICONADO 5 KL  NACIONAL ABIERTO', NULL),
(4707, 2, '10802', 'SILICONADO 500 GR NACIONAL ABIERTO', NULL),
(4708, 2, '10110', 'SILICONADO PACA   ', NULL),
(4709, 2, '10104', 'SILICONADO PACA  FH PLUMA   ', NULL),
(4710, 2, '10111', 'SILICONADO PACA 10 X 64 FH', NULL),
(4711, 2, '10129', 'SILICONADO PACA 12X32 KE   ', NULL),
(4712, 2, '10113', 'SILICONADO PACA 12X64 KE   ', NULL),
(4713, 2, '10117', 'SILICONADO PACA 15 X 32 KEC   ', NULL),
(4714, 2, '10118', 'SILICONADO PACA 15 X 64 FH', NULL),
(4715, 2, '10131', 'SILICONADO PACA 15X32 FH   ', NULL),
(4716, 2, '10122', 'SILICONADO PACA 15X64 KEC   ', NULL),
(4717, 2, '10125', 'SILICONADO PACA 18X64 EK   ', NULL),
(4718, 2, '10106', 'SILICONADO PACA 6.6X32 KE', NULL),
(4719, 2, '10127', 'SILICONADO PACA 7.7X32 KE   ', NULL),
(4720, 2, '10128', 'SILICONADO PACA 7.7X64 KE   ', NULL),
(4721, 2, '10108', 'SILICONADO PACA 7X64 FH   ', NULL),
(4722, 2, '10130', 'SILICONADO PACA 9X64 SL   ', NULL),
(4723, 2, '20502', 'TAFETA DE COLORES   ', NULL),
(4724, 2, '20503', 'TAFETA NEGRA   ', NULL),
(4725, 2, '21101', 'TELA DOWN PROFF FH', NULL),
(4726, 2, '20602', 'TELA FLEACE INFANTIL', NULL),
(4727, 2, '20601', 'TELA FLEACE SERIO', NULL),
(4728, 2, '20201', 'TELA GENERO 2.40 BLANCA JC GARANTIZADA   ', NULL),
(4729, 2, '20203', 'TELA GENERO 2.40 BLANCA JN   ', NULL),
(4730, 2, '20221', 'TELA GENERO 2.40 EMBOSADA BLANCA JN   ', NULL),
(4731, 2, '20220', 'TELA GENERO 2.40 EMBOSADA BLANCA LM   ', NULL),
(4732, 2, '20219', 'TELA GENERO 2.40 EMBOSADA BLANCA TS   ', NULL),
(4733, 2, '20227', 'TELA GENERO 2.40 EMBOSADA UNICOLOR LM   ', NULL),
(4734, 2, '20226', 'TELA GENERO 2.40 EMBOSADA UNICOLOR TS   ', NULL),
(4735, 2, '20263', 'TELA GENERO 2.40 GARANTIZADA EQUIPOS TS   ', NULL),
(4736, 2, '20254', 'TELA GENERO 2.40 GARANTIZADA INFANTIL ESTAMP FH   ', NULL),
(4737, 2, '20255', 'TELA GENERO 2.40 GARANTIZADA INFANTIL ESTAMP JC   ', NULL),
(4738, 2, '20256', 'TELA GENERO 2.40 GARANTIZADA INFANTIL ESTAMP LM   ', NULL),
(4739, 2, '20259', 'TELA GENERO 2.40 GARANTIZADA INFANTIL ESTAMP TS   ', NULL),
(4740, 2, '20262', 'TELA GENERO 2.40 GARANTIZADA NAVIDENO ESTAMP TS   ', NULL),
(4741, 2, '20247', 'TELA GENERO 2.40 GARANTIZADA SERIO ESTAMP FH   ', NULL),
(4742, 2, '20250', 'TELA GENERO 2.40 GARANTIZADA SERIO ESTAMP JN   ', NULL),
(4743, 2, '20249', 'TELA GENERO 2.40 GARANTIZADA SERIO ESTAMP LM   ', NULL),
(4744, 2, '20252', 'TELA GENERO 2.40 GARANTIZADA SERIO ESTAMP TS   ', NULL),
(4745, 2, '20244', 'TELA GENERO 2.40 NO GARANTIZADA INFANTIL ESTAMP JN   ', NULL),
(4746, 2, '20243', 'TELA GENERO 2.40 NO GARANTIZADA INFANTIL ESTAMP LM   ', NULL),
(4747, 2, '20267', 'TELA GENERO 2.40 NO GARANTIZADA SERIA FH   ', NULL),
(4748, 2, '20238', 'TELA GENERO 2.40 NO GARANTIZADA SERIO ESTAMP JN   ', NULL),
(4749, 2, '20237', 'TELA GENERO 2.40 NO GARANTIZADA SERIO ESTAMP LM   ', NULL),
(4750, 2, '20207', 'TELA GENERO 2.40 UNICOLOR JC', NULL),
(4751, 2, '20223', 'TELA GENERO 2.50 EMBOSADA BLANCA LM   ', NULL),
(4752, 2, '20222', 'TELA GENERO 2.50 EMBOSADA BLANCA TS   ', NULL),
(4753, 2, '20231', 'TELA GENERO 2.50 EMBOSADA UNICOLOR TS   ', NULL),
(4754, 2, '20268', 'TELA GENERO 250  EMBOSADO  FH   ', NULL),
(4755, 2, '20265', 'TELA GENERO BLANCO 2.40    FH   ', NULL),
(4756, 2, '20801', 'TELA JACKAR 220 DE PUNTO BLANCA PTP', NULL),
(4757, 2, '20266', 'TELA POR KILOS LF   ', NULL),
(4758, 2, '20301', 'TELA TERRY BLANCA FH', NULL),
(4759, 2, '20304', 'TELA TIPO CUERINA ESTAMPADA', NULL),
(4760, 2, '20305', 'TELA TIPO CUERINA UNICOLOR', NULL);
INSERT INTO `productos` (`id_producto`, `empresas_id_empresa`, `ref`, `nombre`, `linea_id`) VALUES
(4761, 2, '20803', 'TELA YACKAR UNICOLOR   ', NULL),
(4762, 2, '300101', 'TERMOZINCHA FH   ', NULL),
(4763, 2, '11001', 'TEXTURIZADO 15 KL ABIERTO', NULL),
(4764, 2, '10604', 'TN PCA 3.3X64 CS FIBRA PLUMA   ', NULL),
(4765, 2, '290201', 'TOALLAS   ', NULL),
(4766, 2, '500108', ' SERVICIO DE CONFECCION SET COMPLETO CAMA ; REF BELLANOT   ', NULL),
(4767, 2, '21027', 'ACOLCHADO CRETONA INFANTIL EN GUATA', NULL),
(4768, 2, '21054', 'ACOLCHADO JACKAR DE PUNTO ULTRASONIDO   ', NULL),
(4769, 2, '190103', 'ALMOHADA 25X35 ETSMPADA', NULL),
(4770, 2, '190200', 'ALMOHADA 30X45 ESTAMPADA   ', NULL),
(4771, 2, '190207', 'ALMOHADA 60X40 ESTAMPADA  RELAX SWIFT SETX2', NULL),
(4772, 2, '190210', 'ALMOHADA 60X45 BLANCA AMBIENTA', NULL),
(4773, 2, '190408', 'ALMOHADA 70X50  BLANCA STALLOFILTEX CTE   ', NULL),
(4774, 2, '190443', 'ALMOHADA 70X50 BLANCA ACOLCHADA TIPO FIRME   ', NULL),
(4775, 2, '190444', 'ALMOHADA 70X50 BLANCA SAMITEX   ', NULL),
(4776, 2, '190428', 'ALMOHADA 70X50 BLANCA FOAM COTTON SILICONADA   ', NULL),
(4777, 2, '190420', 'ALMOHADA 70X50 BLANCA MICA SETX2   ', NULL),
(4778, 2, '190430', 'ALMOHADA 70X50 ESTAMPADA SIN BOLSA MC   ', NULL),
(4779, 2, '190440', 'ALMOHADA 70X50 UNICOLOR DF SILICONADA   ', NULL),
(4780, 2, '190409', 'ALMOHADA 70X50 UNICOLOR STALLOFILTEX ', NULL),
(4781, 2, '190606', 'ALMOHADA 90X50 ACOLCHADA TIPO SUAVE   ', NULL),
(4782, 2, '190605', 'ALMOHADA 90X50 BLANCA ACOLCHADA TIPO FIRME   ', NULL),
(4783, 2, '190442', 'ALMOHADA BLANCA 70X50 PRIMAFLEX   ', NULL),
(4784, 2, '320003', 'ARRENDAMIENTO BODEGA  PATIO OBRAS   ', NULL),
(4785, 2, '320006', 'ARRENDAMIENTO DE BODEGA   ', NULL),
(4786, 2, '320002', 'ARRENDAMIETO BODEGA PEREIRA  GENERAL   ', NULL),
(4787, 2, '320007', 'ARRENDIENTO LOCAL   ', NULL),
(4788, 2, '90107', 'BOINAS PARA ACOLCHADORA   ', NULL),
(4789, 2, '50104', 'CANECA POLIMERICO KR', NULL),
(4790, 2, '50107', 'CANECA TDI  IMP.   ', NULL),
(4791, 2, '310104', 'CARGADOR   ', NULL),
(4792, 2, '200402', 'COJIN 40X40X30 TV BENNETON', NULL),
(4793, 2, '200405', 'COJIN 40X40X30 TV BENNETON SILICONADO   ', NULL),
(4794, 2, '200109', 'COJIN 65X65 SILICONADO INTERLON   ', NULL),
(4795, 2, '200603', 'COJIN 75X75 INTERLON   ', NULL),
(4796, 2, '200116', 'COJIN 80X80 SILICONADO INTERLON   ', NULL),
(4797, 2, '200406', 'COJIN TV 40X40X30 ACOLCHADO + ALMOHADA 60X40 ACOLCHADA   ', NULL),
(4798, 2, '120101', 'CORTE 35X35 COJIN INTERLON', NULL),
(4799, 2, '140101', 'CORTE SABANA SENCILLA DE 25 BLANCA', NULL),
(4800, 2, '250301', 'CUBRELECHO QUEEN  SERIO ESTAMPADO   ', NULL),
(4801, 2, '20110', 'DACRON LISO UNICOLOR   ', NULL),
(4802, 2, '50213', 'ESPUMA EVA 6 MM   ', NULL),
(4803, 2, '170703', 'FUNDA DE COLCHONETA 2.30X1.32   ', NULL),
(4804, 2, '20929', 'GUATA 120 X 245 VERDE AZUL   ', NULL),
(4805, 2, '20932', 'GUATA 200X 160  SILICONADA   ', NULL),
(4806, 2, '20927', 'GUATA 250 X 250 SILICONADA   ', NULL),
(4807, 2, '20930', 'GUATA 350 X 250 ILICONADA   ', NULL),
(4808, 2, '10401', 'HUGGIS VERDE-AZUL PACA   ', NULL),
(4809, 2, '320004', 'INTERESES MORATORIOS   ', NULL),
(4810, 2, '460000', 'INTERLON AMARILLO 60GRX160 FH   ', NULL),
(4811, 2, '590000', 'INTERLON AZUL CLARO 60GRS X 160 FH   ', NULL),
(4812, 2, '430000', 'INTERLON AZUL REY 60GRX160 FH   ', NULL),
(4813, 2, '540000', 'INTERLON AZUL TURQUEZA 60GRX160 FH   ', NULL),
(4814, 2, '400321', 'INTERLON BLANCO 100GR X 240 FH', NULL),
(4815, 2, '400207', 'INTERLON BLANCO 13GR X 200 FH', NULL),
(4816, 2, '400325', 'INTERLON BLANCO 27GR X 260 PL   ', NULL),
(4817, 2, '400114', 'INTERLON BLANCO 70GR X 0.15-016 CM   ', NULL),
(4818, 2, '400323', 'INTERLON BLANCO 80GR X 240 PL   ', NULL),
(4819, 2, '400197', 'INTERLON BLANCO 90GR X 160 FH   ', NULL),
(4820, 2, '400238', 'INTERLON BLANCO 90GR X 200 PL', NULL),
(4821, 2, '400280', 'INTERLON BLANCO 90GR X 210 PL', NULL),
(4822, 2, '400315', 'INTERLON BLANCO 90GR X 240 FH', NULL),
(4823, 2, '400316', 'INTERLON BLANCO 90GR X 240 PL', NULL),
(4824, 2, '400149', 'INTERLON BLANCO 90GRS X 110 CM   ', NULL),
(4825, 2, '410069', 'INTERLON NEGRO 50GR X 200 FH', NULL),
(4826, 2, '410048', 'INTERLON NEGRO 60GR X 160 PL', NULL),
(4827, 2, '410010', 'INTERLON NEGRO 70GR X 0.40 FH   ', NULL),
(4828, 2, '410059', 'INTERLON NEGRO 90GR X 160 FH', NULL),
(4829, 2, '410082', 'INTERLON NEGRO 90GR X 200 PL', NULL),
(4830, 2, '410120', 'INTERLON NEGRO 90GR X 240 PL', NULL),
(4831, 2, '470000', 'INTERLON ROJO 60GRX160 FH   ', NULL),
(4832, 2, '550000', 'INTERLON ROSADO 60GRX160 FH   ', NULL),
(4833, 2, '440000', 'INTERLON VERDE CALI 60GRX160 FH   ', NULL),
(4834, 2, '450000', 'INTERLON VERDE MANZANA 60GRX160 FH   ', NULL),
(4835, 2, '560000', 'INTERLON VERDE MENTA 60GRX160 FH   ', NULL),
(4836, 2, '101302', 'LIBRE   ', NULL),
(4837, 2, '310101', 'MAQUINA  EMPACADORA AL VACIO   ', NULL),
(4838, 2, '30705', 'PELETIZADO - POLIPROPILENO NEGRO   ', NULL),
(4839, 2, '30704', 'PELETIZADO - POLIPROPILENO TRANSPARENTE   ', NULL),
(4840, 2, '30517', 'PLASTICO PRECORTE 100X150 CALIBRE 3 AGUAP (FH)   ', NULL),
(4841, 2, '30512', 'PLASTICO PRECORTE 100X155 CALIBRE 3  AGUAP (QM)   ', NULL),
(4842, 2, '30519', 'PLASTICO PRECORTE 75X100 CALIBRE 3.5 AGUAP ( PHTX)   ', NULL),
(4843, 2, '30504', 'PLASTICO PRECORTE 80X106 CALIBRE 3.5 AGUAP (PHTX)   ', NULL),
(4844, 2, '30515', 'PLASTICO PRECORTE 86X130 CALIBRE 3.5 AGUAP ( PHTX)   ', NULL),
(4845, 2, '30208', 'PLASTICO TUBULAR AGUAPANELO DE 100 CM ANCHO CALIBRE 3.5 (SM)   ', NULL),
(4846, 2, '30204', 'PLASTICO TUBULAR AGUAPANELO DE 97 CM ANCHO CALIBRE 3 (VTA)', NULL),
(4847, 2, '290103', 'PLUMON DOBLE   ', NULL),
(4848, 2, '290108', 'PLUMON KING   ', NULL),
(4849, 2, '290104', 'PLUMON QUENN   ', NULL),
(4850, 2, '290102', 'PLUMON SEMIDOBLE   ', NULL),
(4851, 2, '290101', 'PLUMON SENCILLO   ', NULL),
(4852, 2, '210203', 'PROTECTOR 100X190 BANDA 25 DACRON BLANCA', NULL),
(4853, 2, '210902', 'PROTECTOR 100X190 BANDA 35  IMPERMEABLE', NULL),
(4854, 2, '214100', 'PROTECTOR 100X19O BANDA 45 CM INTERLON   ', NULL),
(4855, 2, '210205', 'PROTECTOR 120X190 BANDA 25 DACRON BLANCA', NULL),
(4856, 2, '214101', 'PROTECTOR 120X19O BANDA 45 CM INTERLON   ', NULL),
(4857, 2, '210207', 'PROTECTOR 140X190 BANDA 25 DACRON BLANCA', NULL),
(4858, 2, '210307', 'PROTECTOR 140X190 BANDA 35 DACRON BLANCA', NULL),
(4859, 2, '214102', 'PROTECTOR 140X19O BANDA 45 CM INTERLON   ', NULL),
(4860, 2, '210315', 'PROTECTOR 160X190 BANDA 35 BLANCO ULTRASONIDO   ', NULL),
(4861, 2, '210415', 'PROTECTOR 160X190 BANDA 45 BLANCO ULTRASONIDO   ', NULL),
(4862, 2, '214103', 'PROTECTOR 160X19O BANDA 45 CM INTERLON   ', NULL),
(4863, 2, '210416', 'PROTECTOR 200X200 BANDA 45 BLANCO ULTRASONIDO   ', NULL),
(4864, 2, '214104', 'PROTECTOR 200X20O BANDA 45 CM INTERLON   ', NULL),
(4865, 2, '60406', 'SENSORES  DE ACOLCHADORA   ', NULL),
(4866, 2, '500107', 'SERVICIO DE ACOLCHADO DE TELA REF: ROYAL   ', NULL),
(4867, 2, '500106', 'SERVICIO DE ACOLCHADO TELA : REF: ALLEGRO   ', NULL),
(4868, 2, '500105', 'SERVICIO DE ACOLCHADO TELA REF: SOFFI   ', NULL),
(4869, 2, '500110', 'SERVICIO DE CONFECCION  PUFF PERA:REF:  TRAFFIC   ', NULL),
(4870, 2, '500103', 'SERVICIO DE CONFECCION  Y EMPAQUE   ', NULL),
(4871, 2, '280107', 'SERVICIO DE CONFECCION DE CUBRELECHO   ', NULL),
(4872, 2, '500111', 'SERVICIO DE CONFECCION DE JUEGO SABANAS SENCILLA REF FIORENZA   ', NULL),
(4873, 2, '280108', 'SERVICIO DE LLENADO   ', NULL),
(4874, 2, '500109', 'SERVICIO DE TOQUELADO   ', NULL),
(4875, 2, '280104', 'SERVICIOS GENERALES   ', NULL),
(4876, 2, '10813', 'SILICONADO 10 KL TIPO PLUMA ABIERTO   ', NULL),
(4877, 2, '10801', 'SILICONADO 300 GR NACIONAL ABIERTO', NULL),
(4878, 2, '10124', 'SILICONADO PACA 15 X 32MM   ', NULL),
(4879, 2, '10109', 'SILICONADO PACA 7X32 KE   ', NULL),
(4880, 2, '20302', 'TELA DEMIN   ', NULL),
(4881, 2, '20236', 'TELA GENERO 2.40 NO GARANTIZADA SERIO ESTAMP JC   ', NULL),
(4882, 2, '20264', 'TELA GENERO 240 EMBOSADA FC   ', NULL),
(4883, 2, '20802', 'TELA JACKAR 220 DE PUNTO BEIGE PTP', NULL),
(4884, 2, '20303', 'TELA NAUTICA   ', NULL),
(4885, 2, '20269', 'TELA POR KILOS LF POLIESTER SEMI IMPERMEABLE   ', NULL),
(4886, 2, '10603', 'TN PACA RP   ', NULL),
(4887, 2, '10605', 'TN PCA 2.5 TELARANA   ', NULL),
(4888, 2, '410039', 'MAQUINA  EMPACADORA AL VACIO 2', NULL),
(4889, 2, '9322', 'CALIMA 3', NULL);

--
-- Disparadores `productos`
--
DELIMITER $$
CREATE TRIGGER `gasto_men` AFTER INSERT ON `productos` FOR EACH ROW BEGIN
INSERT INTO gastos_mensuales(`id_gastos_mensuales`,`productos_id_producto`,`productos_empresas_id_empresa`,`unidades_vendidas`,`volumen_ventas`) VALUES(NULL,NEW.id_producto,NEW.empresas_id_empresa,0,0);
END
$$
DELIMITER ;

-- --------------------------------------------------------

--
-- Estructura de tabla para la tabla `roles_users`
--

CREATE TABLE `roles_users` (
  `idroles_users` int(11) NOT NULL,
  `name` varchar(45) CHARACTER SET latin1 NOT NULL
) ENGINE=InnoDB DEFAULT CHARSET=utf8 COLLATE=utf8_spanish_ci;

--
-- Volcado de datos para la tabla `roles_users`
--

INSERT INTO `roles_users` (`idroles_users`, `name`) VALUES
(1, 'standard'),
(2, 'administrator');

-- --------------------------------------------------------

--
-- Estructura de tabla para la tabla `tiempo_proceso`
--

CREATE TABLE `tiempo_proceso` (
  `id_tiempo_proceso` int(11) NOT NULL,
  `productos_id_producto` int(11) NOT NULL,
  `productos_empresas_id_empresa` int(11) NOT NULL,
  `procesos_id_procesos` int(11) NOT NULL,
  `maquinas_id_maquinas` int(11) DEFAULT NULL,
  `tiempo_proceso` float NOT NULL
) ENGINE=InnoDB DEFAULT CHARSET=utf8 COLLATE=utf8_spanish_ci;

--
-- Volcado de datos para la tabla `tiempo_proceso`
--

INSERT INTO `tiempo_proceso` (`id_tiempo_proceso`, `productos_id_producto`, `productos_empresas_id_empresa`, `procesos_id_procesos`, `maquinas_id_maquinas`, `tiempo_proceso`) VALUES
(1, 1, 2, 1, NULL, 0.078329),
(2, 1, 2, 2, NULL, 0.12766),
(3, 1, 2, 3, NULL, 0.0872093),
(4, 424, 1, 4, 2, 0.00333333),
(5, 424, 1, 6, 4, 0.0769231);

-- --------------------------------------------------------

--
-- Estructura de tabla para la tabla `users`
--

CREATE TABLE `users` (
  `id_user` int(11) NOT NULL,
  `username` varchar(16) CHARACTER SET latin1 NOT NULL,
  `email` varchar(255) CHARACTER SET latin1 NOT NULL,
  `password` varchar(256) CHARACTER SET latin1 NOT NULL,
  `created_at` timestamp NOT NULL DEFAULT current_timestamp(),
  `empresas_id_empresa` int(11) NOT NULL,
  `token_pass` varchar(257) CHARACTER SET utf8 COLLATE utf8_bin NOT NULL,
  `roles_users_idroles_users` int(11) NOT NULL,
  `session_active` tinyint(1) NOT NULL,
  `active` tinyint(1) NOT NULL DEFAULT 0
) ENGINE=InnoDB DEFAULT CHARSET=utf8 COLLATE=utf8_spanish_ci;

--
-- Volcado de datos para la tabla `users`
--

INSERT INTO `users` (`id_user`, `username`, `email`, `password`, `created_at`, `empresas_id_empresa`, `token_pass`, `roles_users_idroles_users`, `session_active`, `active`) VALUES
(1, 'alexisH', 'alex.holguin@teenus.com.co', 'e276f59bc5a81f2968dfb34b6324f7d59fea2723fd733bc9e70d65e848ef8f42', '2019-09-05 02:54:43', 1, 'b679b1284cb782c9e0f8b0b25a6d7021228a13492818b45fcb8100b85adfc46eb9baab115f38151c3e64d43a256389b5da166a130d535da606bf2cd27640ebb49627a20ee77d42228fa75c9a64bdcd5f92b54b92647fdda627d15c09e909bce7b77ddea5ad41971ea94d52e0e617c55e335f07f15e614588c3cae2d753a7191c', 2, 0, 1),
(6, 'usuarioTest', 'wholguinmor@uniminuto.edu.co', 'e276f59bc5a81f2968dfb34b6324f7d59fea2723fd733bc9e70d65e848ef8f42', '2019-09-27 00:33:21', 2, '220a0a8ae6a6e420453fc17871d4278a6a819d8d50e047ca914ac21b8899fd32b6a4e59710e237b20fedee766ca4071bfeba132ec3cf4be6e12d943ff744abd936302b055b4da5eef359de325fb1cdf654b62fad425b9596aa37a995bc8bf920580fcf6b2f1673e3c6ecf31b5e506c3b63c32b6719d9427017aa574bee0079f2', 2, 1, 1),
(7, 'martha', 'martha.olmos@teenus.com.co', 'fb4db363ff68c72fede366b5c92ecaeb23a770b9fbd41ef5b8cb0413e3fc7f1d', '2019-09-28 00:50:55', 2, 'fb4db363ff68c72fede366b5c92ecaeb23a770b9fbd41ef5b8cb0413e3fc7f1d', 2, 0, 1),
(9, 'wilsonCamargo', 'wilson.camargo@sigcrecer.com', '8dd626aca6c4b90d5b8f6fb1ddab264e3b12fee1132d212bd59eafb222cbb59c', '2019-10-02 00:29:06', 4, '8dd626aca6c4b90d5b8f6fb1ddab264e3b12fee1132d212bd59eafb222cbb59c', 2, 0, 0),
(31, 'alexis', 'holguinalexis30@gmail.com', 'e276f59bc5a81f2968dfb34b6324f7d59fea2723fd733bc9e70d65e848ef8f42', '2019-10-11 15:08:56', 3, 'asasas', 1, 0, 1);

--
-- Índices para tablas volcadas
--

--
-- Indices de la tabla `admins`
--
ALTER TABLE `admins`
  ADD PRIMARY KEY (`id_admin`),
  ADD UNIQUE KEY `email_unique` (`email`);

--
-- Indices de la tabla `empresas`
--
ALTER TABLE `empresas`
  ADD PRIMARY KEY (`id_empresa`);

--
-- Indices de la tabla `gastos_mensuales`
--
ALTER TABLE `gastos_mensuales`
  ADD PRIMARY KEY (`id_gastos_mensuales`) USING BTREE,
  ADD KEY `fk_gastos_mensuales_productos1_idx` (`productos_id_producto`,`productos_empresas_id_empresa`);

--
-- Indices de la tabla `lineas`
--
ALTER TABLE `lineas`
  ADD PRIMARY KEY (`id`),
  ADD KEY `fk_lineas_empresas` (`id_empresa`);

--
-- Indices de la tabla `linea_producto`
--
ALTER TABLE `linea_producto`
  ADD PRIMARY KEY (`id`),
  ADD UNIQUE KEY `id_linea` (`id_linea`,`id_producto`),
  ADD KEY `fk_lineas_productos_productos` (`id_producto`);

--
-- Indices de la tabla `maquinas`
--
ALTER TABLE `maquinas`
  ADD PRIMARY KEY (`id_maquinas`,`empresas_id_empresa`),
  ADD UNIQUE KEY `empresas_id_empresa` (`empresas_id_empresa`,`nombre`),
  ADD KEY `fk_maquinas_Empresas1_idx` (`empresas_id_empresa`);

--
-- Indices de la tabla `materiales`
--
ALTER TABLE `materiales`
  ADD PRIMARY KEY (`id_materiales`,`empresas_id_empresa`),
  ADD UNIQUE KEY `empresas_id_empresa` (`empresas_id_empresa`,`descripcion`),
  ADD KEY `fk_materiales_empresas1_idx` (`empresas_id_empresa`);

--
-- Indices de la tabla `materiales_has_productos`
--
ALTER TABLE `materiales_has_productos`
  ADD PRIMARY KEY (`materiales_has_productos_id`,`materiales_id_materiales`,`materiales_empresas_id_empresa`,`productos_id_producto`),
  ADD KEY `fk_materiales_has_productos_materiales1_idx` (`materiales_id_materiales`,`materiales_empresas_id_empresa`),
  ADD KEY `fk_materiales_has_productos_productos1_idx` (`productos_id_producto`);

--
-- Indices de la tabla `nominas`
--
ALTER TABLE `nominas`
  ADD PRIMARY KEY (`id_nominas`,`empresas_id_empresa`,`procesos_id_procesos`),
  ADD UNIQUE KEY `empresas_id_empresa` (`empresas_id_empresa`,`procesos_id_procesos`) USING BTREE,
  ADD KEY `fk_nominas_empresas1_idx` (`empresas_id_empresa`),
  ADD KEY `fk_nominas_procesos1_idx` (`procesos_id_procesos`);

--
-- Indices de la tabla `procesos`
--
ALTER TABLE `procesos`
  ADD PRIMARY KEY (`id_procesos`,`empresas_id_empresa`),
  ADD UNIQUE KEY `nombre` (`nombre`,`empresas_id_empresa`),
  ADD KEY `fk_procesos_empresas1_idx` (`empresas_id_empresa`);

--
-- Indices de la tabla `productos`
--
ALTER TABLE `productos`
  ADD PRIMARY KEY (`id_producto`,`empresas_id_empresa`),
  ADD UNIQUE KEY `empresas_id_empresa` (`empresas_id_empresa`,`ref`),
  ADD KEY `fk_productos_empresas1_idx` (`empresas_id_empresa`);

--
-- Indices de la tabla `roles_users`
--
ALTER TABLE `roles_users`
  ADD PRIMARY KEY (`idroles_users`);

--
-- Indices de la tabla `tiempo_proceso`
--
ALTER TABLE `tiempo_proceso`
  ADD PRIMARY KEY (`id_tiempo_proceso`) USING BTREE,
  ADD UNIQUE KEY `productos_id_producto` (`productos_id_producto`,`productos_empresas_id_empresa`,`procesos_id_procesos`,`maquinas_id_maquinas`),
  ADD KEY `fk_proceso_productos1_idx` (`productos_id_producto`,`productos_empresas_id_empresa`),
  ADD KEY `fk_tiempo_proceso_procesos1_idx` (`procesos_id_procesos`),
  ADD KEY `fk_tiempo_proceso_maquinas1_idx` (`maquinas_id_maquinas`);

--
-- Indices de la tabla `users`
--
ALTER TABLE `users`
  ADD PRIMARY KEY (`id_user`,`empresas_id_empresa`,`roles_users_idroles_users`),
  ADD UNIQUE KEY `email_UNIQUE` (`email`),
  ADD UNIQUE KEY `username` (`username`),
  ADD KEY `fk_users_companies_idx` (`empresas_id_empresa`),
  ADD KEY `fk_users_roles_users1_idx` (`roles_users_idroles_users`);

--
-- AUTO_INCREMENT de las tablas volcadas
--

--
-- AUTO_INCREMENT de la tabla `admins`
--
ALTER TABLE `admins`
  MODIFY `id_admin` int(11) NOT NULL AUTO_INCREMENT, AUTO_INCREMENT=2;

--
-- AUTO_INCREMENT de la tabla `empresas`
--
ALTER TABLE `empresas`
  MODIFY `id_empresa` int(11) NOT NULL AUTO_INCREMENT, AUTO_INCREMENT=22;

--
-- AUTO_INCREMENT de la tabla `gastos_mensuales`
--
ALTER TABLE `gastos_mensuales`
  MODIFY `id_gastos_mensuales` int(11) NOT NULL AUTO_INCREMENT, AUTO_INCREMENT=1792;

--
-- AUTO_INCREMENT de la tabla `lineas`
--
ALTER TABLE `lineas`
  MODIFY `id` int(11) NOT NULL AUTO_INCREMENT, AUTO_INCREMENT=16;

--
-- AUTO_INCREMENT de la tabla `linea_producto`
--
ALTER TABLE `linea_producto`
  MODIFY `id` int(11) NOT NULL AUTO_INCREMENT, AUTO_INCREMENT=35;

--
-- AUTO_INCREMENT de la tabla `maquinas`
--
ALTER TABLE `maquinas`
  MODIFY `id_maquinas` int(11) NOT NULL AUTO_INCREMENT, AUTO_INCREMENT=11;

--
-- AUTO_INCREMENT de la tabla `materiales`
--
ALTER TABLE `materiales`
  MODIFY `id_materiales` int(11) NOT NULL AUTO_INCREMENT, AUTO_INCREMENT=117;

--
-- AUTO_INCREMENT de la tabla `materiales_has_productos`
--
ALTER TABLE `materiales_has_productos`
  MODIFY `materiales_has_productos_id` int(11) NOT NULL AUTO_INCREMENT, AUTO_INCREMENT=38;

--
-- AUTO_INCREMENT de la tabla `nominas`
--
ALTER TABLE `nominas`
  MODIFY `id_nominas` int(11) NOT NULL AUTO_INCREMENT, AUTO_INCREMENT=27;

--
-- AUTO_INCREMENT de la tabla `procesos`
--
ALTER TABLE `procesos`
  MODIFY `id_procesos` int(11) NOT NULL AUTO_INCREMENT, AUTO_INCREMENT=17;

--
-- AUTO_INCREMENT de la tabla `productos`
--
ALTER TABLE `productos`
  MODIFY `id_producto` int(11) NOT NULL AUTO_INCREMENT, AUTO_INCREMENT=4890;

--
-- AUTO_INCREMENT de la tabla `roles_users`
--
ALTER TABLE `roles_users`
  MODIFY `idroles_users` int(11) NOT NULL AUTO_INCREMENT, AUTO_INCREMENT=3;

--
-- AUTO_INCREMENT de la tabla `tiempo_proceso`
--
ALTER TABLE `tiempo_proceso`
  MODIFY `id_tiempo_proceso` int(11) NOT NULL AUTO_INCREMENT, AUTO_INCREMENT=6;

--
-- AUTO_INCREMENT de la tabla `users`
--
ALTER TABLE `users`
  MODIFY `id_user` int(11) NOT NULL AUTO_INCREMENT, AUTO_INCREMENT=32;

--
-- Restricciones para tablas volcadas
--

--
-- Filtros para la tabla `gastos_mensuales`
--
ALTER TABLE `gastos_mensuales`
  ADD CONSTRAINT `fk_gastos_mensuales_productos1` FOREIGN KEY (`productos_id_producto`,`productos_empresas_id_empresa`) REFERENCES `productos` (`id_producto`, `empresas_id_empresa`) ON DELETE CASCADE ON UPDATE CASCADE;

--
-- Filtros para la tabla `lineas`
--
ALTER TABLE `lineas`
  ADD CONSTRAINT `fk_lineas_empresas` FOREIGN KEY (`id_empresa`) REFERENCES `empresas` (`id_empresa`) ON DELETE CASCADE ON UPDATE CASCADE;

--
-- Filtros para la tabla `linea_producto`
--
ALTER TABLE `linea_producto`
  ADD CONSTRAINT `fk_lineas_productos_lineas` FOREIGN KEY (`id_linea`) REFERENCES `lineas` (`id`) ON DELETE CASCADE ON UPDATE CASCADE,
  ADD CONSTRAINT `fk_lineas_productos_productos` FOREIGN KEY (`id_producto`) REFERENCES `productos` (`id_producto`) ON DELETE CASCADE ON UPDATE CASCADE;

--
-- Filtros para la tabla `maquinas`
--
ALTER TABLE `maquinas`
  ADD CONSTRAINT `fk_maquinas_Empresas1` FOREIGN KEY (`empresas_id_empresa`) REFERENCES `empresas` (`id_empresa`) ON DELETE NO ACTION ON UPDATE NO ACTION;

--
-- Filtros para la tabla `materiales`
--
ALTER TABLE `materiales`
  ADD CONSTRAINT `fk_materiales_empresas1` FOREIGN KEY (`empresas_id_empresa`) REFERENCES `empresas` (`id_empresa`) ON DELETE CASCADE ON UPDATE CASCADE;

--
-- Filtros para la tabla `materiales_has_productos`
--
ALTER TABLE `materiales_has_productos`
  ADD CONSTRAINT `fk_materiales_has_productos_materiales1` FOREIGN KEY (`materiales_id_materiales`,`materiales_empresas_id_empresa`) REFERENCES `materiales` (`id_materiales`, `empresas_id_empresa`) ON UPDATE CASCADE,
  ADD CONSTRAINT `fk_materiales_has_productos_productos1` FOREIGN KEY (`productos_id_producto`) REFERENCES `productos` (`id_producto`) ON DELETE CASCADE ON UPDATE CASCADE;

--
-- Filtros para la tabla `nominas`
--
ALTER TABLE `nominas`
  ADD CONSTRAINT `fk_nominas_empresas1` FOREIGN KEY (`empresas_id_empresa`) REFERENCES `empresas` (`id_empresa`) ON DELETE CASCADE ON UPDATE CASCADE,
  ADD CONSTRAINT `fk_nominas_procesos1` FOREIGN KEY (`procesos_id_procesos`) REFERENCES `procesos` (`id_procesos`) ON DELETE NO ACTION ON UPDATE NO ACTION;

--
-- Filtros para la tabla `procesos`
--
ALTER TABLE `procesos`
  ADD CONSTRAINT `fk_procesos_empresas1` FOREIGN KEY (`empresas_id_empresa`) REFERENCES `empresas` (`id_empresa`) ON DELETE CASCADE ON UPDATE NO ACTION;

--
-- Filtros para la tabla `productos`
--
ALTER TABLE `productos`
  ADD CONSTRAINT `fk_productos_empresas1` FOREIGN KEY (`empresas_id_empresa`) REFERENCES `empresas` (`id_empresa`) ON DELETE CASCADE ON UPDATE CASCADE;

--
-- Filtros para la tabla `tiempo_proceso`
--
ALTER TABLE `tiempo_proceso`
  ADD CONSTRAINT `fk_proceso_productos1` FOREIGN KEY (`productos_id_producto`,`productos_empresas_id_empresa`) REFERENCES `productos` (`id_producto`, `empresas_id_empresa`) ON DELETE CASCADE ON UPDATE CASCADE,
  ADD CONSTRAINT `fk_tiempo_proceso_maquinas1` FOREIGN KEY (`maquinas_id_maquinas`) REFERENCES `maquinas` (`id_maquinas`) ON DELETE NO ACTION ON UPDATE NO ACTION,
  ADD CONSTRAINT `fk_tiempo_proceso_procesos1` FOREIGN KEY (`procesos_id_procesos`) REFERENCES `procesos` (`id_procesos`) ON DELETE NO ACTION ON UPDATE NO ACTION;

--
-- Filtros para la tabla `users`
--
ALTER TABLE `users`
  ADD CONSTRAINT `fk_users_companies` FOREIGN KEY (`empresas_id_empresa`) REFERENCES `empresas` (`id_empresa`) ON DELETE CASCADE ON UPDATE NO ACTION,
  ADD CONSTRAINT `fk_users_roles_users1` FOREIGN KEY (`roles_users_idroles_users`) REFERENCES `roles_users` (`idroles_users`) ON DELETE NO ACTION ON UPDATE NO ACTION;

DELIMITER $$
--
-- Eventos
--
CREATE DEFINER=`root`@`localhost` EVENT `user_release` ON SCHEDULE EVERY 8 HOUR STARTS '2019-09-17 00:00:00' ENDS '2024-03-31 00:00:00' ON COMPLETION PRESERVE ENABLE DO UPDATE `users` SET `session_active`= 0$$

DELIMITER ;
COMMIT;

/*!40101 SET CHARACTER_SET_CLIENT=@OLD_CHARACTER_SET_CLIENT */;
/*!40101 SET CHARACTER_SET_RESULTS=@OLD_CHARACTER_SET_RESULTS */;
/*!40101 SET COLLATION_CONNECTION=@OLD_COLLATION_CONNECTION */;
